"","Apr","Aug","Dec","Feb","Jan","Jul","Jun","Mar","May","Nov","Oct","Sep","Friday","Monday","Saturday","Sunday","Thusday","Tuesday","Wednesday","year","temp","TOTAL_CRIMES","BAR_TAVERN","BATTERY"
"1",0,0,0,0,1,0,0,0,0,0,0,0,0,0,0,0,0,0,1,2019,35,0.620553359683794,0.171428571428571,0.186206896551724
"2",0,0,0,0,1,0,0,0,0,0,0,0,0,0,0,0,1,0,0,2019,39.4,0.812252964426877,0.0285714285714286,0.23448275862069
"3",0,0,0,0,1,0,0,0,0,0,0,0,1,0,0,0,0,0,0,2019,39,0.845849802371542,0.142857142857143,0.186206896551724
"4",0,0,0,0,1,0,0,0,0,0,0,0,0,0,1,0,0,0,0,2019,43.8,0.891304347826087,0.314285714285714,0.655172413793103
"5",0,0,0,0,1,0,0,0,0,0,0,0,0,0,0,1,0,0,0,2019,39.7,0.638339920948617,0.371428571428571,0.448275862068966
"6",0,0,0,0,1,0,0,0,0,0,0,0,0,1,0,0,0,0,0,2019,27.4,0.662055335968379,0.2,0.206896551724138
"7",0,0,0,0,1,0,0,0,0,0,0,0,0,0,0,0,0,1,0,2019,36.3,0.711462450592885,0,0.317241379310345
"8",0,0,0,0,1,0,0,0,0,0,0,0,0,0,0,0,0,0,1,2019,44.4,0.573122529644269,0.114285714285714,0.151724137931034
"9",0,0,0,0,1,0,0,0,0,0,0,0,0,0,0,0,1,0,0,2019,34.9,0.681818181818182,0.171428571428571,0.241379310344828
"10",0,0,0,0,1,0,0,0,0,0,0,0,1,0,0,0,0,0,0,2019,28.6,0.875494071146245,0.257142857142857,0.268965517241379
"11",0,0,0,0,1,0,0,0,0,0,0,0,0,0,1,0,0,0,0,2019,23.1,0.656126482213439,0.628571428571429,0.317241379310345
"12",0,0,0,0,1,0,0,0,0,0,0,0,0,0,0,1,0,0,0,2019,26,0.458498023715415,0.342857142857143,0.358620689655172
"13",0,0,0,0,1,0,0,0,0,0,0,0,0,1,0,0,0,0,0,2019,32.8,0.58102766798419,0.0857142857142857,0.227586206896552
"14",0,0,0,0,1,0,0,0,0,0,0,0,0,0,0,0,0,1,0,2019,29.4,0.705533596837945,0.0285714285714286,0.317241379310345
"15",0,0,0,0,1,0,0,0,0,0,0,0,0,0,0,0,0,0,1,2019,31.3,0.709486166007905,0.0571428571428571,0.206896551724138
"16",0,0,0,0,1,0,0,0,0,0,0,0,0,0,0,0,1,0,0,2019,29.4,0.616600790513834,0.0285714285714286,0.2
"17",0,0,0,0,1,0,0,0,0,0,0,0,1,0,0,0,0,0,0,2019,33.2,0.646245059288538,0.314285714285714,0.248275862068966
"18",0,0,0,0,1,0,0,0,0,0,0,0,0,0,1,0,0,0,0,2019,34.5,0.357707509881423,0.514285714285714,0.2
"19",0,0,0,0,1,0,0,0,0,0,0,0,0,0,0,1,0,0,0,2019,43.2,0.300395256916996,0.4,0.213793103448276
"20",0,0,0,0,1,0,0,0,0,0,0,0,0,1,0,0,0,0,0,2019,13.7,0.424901185770751,0.0571428571428571,0
"21",0,0,0,0,1,0,0,0,0,0,0,0,0,0,0,0,0,1,0,2019,15.8,0.563241106719368,0.0571428571428571,0.227586206896552
"22",0,0,0,0,1,0,0,0,0,0,0,0,0,0,0,0,0,0,1,2019,31.6,0.634387351778656,0,0.131034482758621
"23",0,0,0,0,1,0,0,0,0,0,0,0,0,0,0,0,1,0,0,2019,46.5,0.525691699604743,0.142857142857143,0.220689655172414
"24",0,0,0,0,1,0,0,0,0,0,0,0,1,0,0,0,0,0,0,2019,37,0.484189723320158,0.171428571428571,0.213793103448276
"25",0,0,0,0,1,0,0,0,0,0,0,0,0,0,1,0,0,0,0,2019,30.5,0.377470355731225,0.342857142857143,0.193103448275862
"26",0,0,0,0,1,0,0,0,0,0,0,0,0,0,0,1,0,0,0,2019,35.1,0.361660079051383,0.371428571428571,0.172413793103448
"27",0,0,0,0,1,0,0,0,0,0,0,0,0,1,0,0,0,0,0,2019,35.7,0.355731225296443,0.0857142857142857,0.213793103448276
"28",0,0,0,0,1,0,0,0,0,0,0,0,0,0,0,0,0,1,0,2019,33.8,0.302371541501976,0.0857142857142857,0.0413793103448276
"29",0,0,0,0,1,0,0,0,0,0,0,0,0,0,0,0,0,0,1,2019,36.8,0,0.0285714285714286,0.0344827586206897
"30",0,0,0,0,1,0,0,0,0,0,0,0,0,0,0,0,1,0,0,2019,15.7,0.233201581027668,0,0.0275862068965517
"31",0,0,0,1,0,0,0,0,0,0,0,0,1,0,0,0,0,0,0,2019,17.6,0.859683794466403,0.171428571428571,0.0827586206896552
"32",0,0,0,1,0,0,0,0,0,0,0,0,0,0,1,0,0,0,0,2019,23.5,0.75296442687747,0.314285714285714,0.331034482758621
"33",0,0,0,1,0,0,0,0,0,0,0,0,0,0,0,1,0,0,0,2019,35.4,0.50395256916996,0.457142857142857,0.413793103448276
"34",0,0,0,1,0,0,0,0,0,0,0,0,0,1,0,0,0,0,0,2019,39.7,0.780632411067194,0.142857142857143,0.351724137931034
"35",0,0,0,1,0,0,0,0,0,0,0,0,0,0,0,0,0,1,0,2019,43,0.616600790513834,0.0571428571428571,0.179310344827586
"36",0,0,0,1,0,0,0,0,0,0,0,0,0,0,0,0,0,0,1,2019,39.1,0.58300395256917,0,0.296551724137931
"37",0,0,0,1,0,0,0,0,0,0,0,0,0,0,0,0,1,0,0,2019,39.1,0.650197628458498,0.0571428571428571,0.303448275862069
"38",0,0,0,1,0,0,0,0,0,0,0,0,1,0,0,0,0,0,0,2019,40.6,0.594861660079051,0.171428571428571,0.144827586206897
"39",0,0,0,1,0,0,0,0,0,0,0,0,0,0,1,0,0,0,0,2019,31.5,0.820158102766798,0.628571428571429,0.413793103448276
"40",0,0,0,1,0,0,0,0,0,0,0,0,0,0,0,1,0,0,0,2019,28.7,0.58695652173913,0.742857142857143,0.441379310344828
"41",0,0,0,1,0,0,0,0,0,0,0,0,0,1,0,0,0,0,0,2019,30.7,0.563241106719368,0.0857142857142857,0.158620689655172
"42",0,0,0,1,0,0,0,0,0,0,0,0,0,0,0,0,0,1,0,2019,29.4,0.640316205533597,0.114285714285714,0.262068965517241
"43",0,0,0,1,0,0,0,0,0,0,0,0,0,0,0,0,0,0,1,2019,41.1,0.596837944664032,0.0285714285714286,0.262068965517241
"44",0,0,0,1,0,0,0,0,0,0,0,0,0,0,0,0,1,0,0,2019,35.5,0.792490118577075,0.0857142857142857,0.524137931034483
"45",0,0,0,1,0,0,0,0,0,0,0,0,1,0,0,0,0,0,0,2019,39.8,0.790513833992095,0.171428571428571,0.289655172413793
"46",0,0,0,1,0,0,0,0,0,0,0,0,0,0,1,0,0,0,0,2019,41.1,0.66403162055336,0.257142857142857,0.455172413793103
"47",0,0,0,1,0,0,0,0,0,0,0,0,0,0,0,1,0,0,0,2019,30.9,0.547430830039526,0.4,0.482758620689655
"48",0,0,0,1,0,0,0,0,0,0,0,0,0,1,0,0,0,0,0,2019,32.8,0.492094861660079,0.0857142857142857,0.220689655172414
"49",0,0,0,1,0,0,0,0,0,0,0,0,0,0,0,0,0,1,0,2019,25.9,0.537549407114625,0.0571428571428571,0.137931034482759
"50",0,0,0,1,0,0,0,0,0,0,0,0,0,0,0,0,0,0,1,2019,26.7,0.58102766798419,0.0285714285714286,0.255172413793103
"51",0,0,0,1,0,0,0,0,0,0,0,0,0,0,0,0,1,0,0,2019,36.8,0.701581027667984,0.114285714285714,0.303448275862069
"52",0,0,0,1,0,0,0,0,0,0,0,0,1,0,0,0,0,0,0,2019,38.3,0.733201581027668,0.142857142857143,0.296551724137931
"53",0,0,0,1,0,0,0,0,0,0,0,0,0,0,1,0,0,0,0,2019,34.8,0.604743083003953,0.571428571428571,0.303448275862069
"54",0,0,0,1,0,0,0,0,0,0,0,0,0,0,0,1,0,0,0,2019,40.5,0.407114624505929,0.342857142857143,0.275862068965517
"55",0,0,0,1,0,0,0,0,0,0,0,0,0,1,0,0,0,0,0,2019,38.7,0.505928853754941,0.114285714285714,0.213793103448276
"56",0,0,0,1,0,0,0,0,0,0,0,0,0,0,0,0,0,1,0,2019,29.2,0.529644268774704,0,0.227586206896552
"57",0,0,0,1,0,0,0,0,0,0,0,0,0,0,0,0,0,0,1,2019,21.6,0.608695652173913,0.0285714285714286,0.23448275862069
"58",0,0,0,1,0,0,0,0,0,0,0,0,0,0,0,0,1,0,0,2019,26,0.50197628458498,0.0857142857142857,0.137931034482759
"59",0,0,0,0,0,0,0,1,0,0,0,0,1,0,0,0,0,0,0,2019,26.7,0.820158102766798,0.171428571428571,0.131034482758621
"60",0,0,0,0,0,0,0,1,0,0,0,0,0,0,1,0,0,0,0,2019,35.1,0.640316205533597,0.228571428571429,0.406896551724138
"61",0,0,0,0,0,0,0,1,0,0,0,0,0,0,0,1,0,0,0,2019,34.5,0.41501976284585,0.314285714285714,0.351724137931034
"62",0,0,0,0,0,0,0,1,0,0,0,0,0,1,0,0,0,0,0,2019,37.9,0.401185770750988,0.0285714285714286,0.2
"63",0,0,0,0,0,0,0,1,0,0,0,0,0,0,0,0,0,1,0,2019,28.2,0.397233201581028,0.0285714285714286,0.0827586206896552
"64",0,0,0,0,0,0,0,1,0,0,0,0,0,0,0,0,0,0,1,2019,25.4,0.569169960474308,0.0571428571428571,0.206896551724138
"65",0,0,0,0,0,0,0,1,0,0,0,0,0,0,0,0,1,0,0,2019,22.1,0.531620553359684,0.2,0.227586206896552
"66",0,0,0,0,0,0,0,1,0,0,0,0,1,0,0,0,0,0,0,2019,27.2,0.745059288537549,0.171428571428571,0.372413793103448
"67",0,0,0,0,0,0,0,1,0,0,0,0,0,0,1,0,0,0,0,2019,35.1,0.545454545454545,0.142857142857143,0.468965517241379
"68",0,0,0,0,0,0,0,1,0,0,0,0,0,0,0,1,0,0,0,2019,36.8,0.535573122529644,0.428571428571429,0.427586206896552
"69",0,0,0,0,0,0,0,1,0,0,0,0,0,1,0,0,0,0,0,2019,41.7,0.709486166007905,0.0857142857142857,0.337931034482759
"70",0,0,0,0,0,0,0,1,0,0,0,0,0,0,0,0,0,1,0,2019,38.6,0.565217391304348,0.0571428571428571,0.172413793103448
"71",0,0,0,0,0,0,0,1,0,0,0,0,0,0,0,0,0,0,1,2019,34.5,0.685770750988142,0.0285714285714286,0.372413793103448
"72",0,0,0,0,0,0,0,1,0,0,0,0,0,0,0,0,1,0,0,2019,39,0.662055335968379,0.0285714285714286,0.317241379310345
"73",0,0,0,0,0,0,0,1,0,0,0,0,1,0,0,0,0,0,0,2019,45.3,0.778656126482213,0.142857142857143,0.4
"74",0,0,0,0,0,0,0,1,0,0,0,0,0,0,1,0,0,0,0,2019,46.9,0.839920948616601,1,0.827586206896552
"75",0,0,0,0,0,0,0,1,0,0,0,0,0,0,0,1,0,0,0,2019,36.3,0.535573122529644,0.628571428571429,0.43448275862069
"76",0,0,0,0,0,0,0,1,0,0,0,0,0,1,0,0,0,0,0,2019,34.5,0.612648221343874,0.171428571428571,0.420689655172414
"77",0,0,0,0,0,0,0,1,0,0,0,0,0,0,0,0,0,1,0,2019,35.2,0.598814229249012,0,0.351724137931034
"78",0,0,0,0,0,0,0,1,0,0,0,0,0,0,0,0,0,0,1,2019,36.9,0.695652173913043,0.0571428571428571,0.16551724137931
"79",0,0,0,0,0,0,0,1,0,0,0,0,0,0,0,0,1,0,0,2019,40.7,0.687747035573123,0.0857142857142857,0.427586206896552
"80",0,0,0,0,0,0,0,1,0,0,0,0,1,0,0,0,0,0,0,2019,42.3,0.727272727272727,0.171428571428571,0.406896551724138
"81",0,0,0,0,0,0,0,1,0,0,0,0,0,0,1,0,0,0,0,2019,39.3,0.689723320158103,0.571428571428571,0.572413793103448
"82",0,0,0,0,0,0,0,1,0,0,0,0,0,0,0,1,0,0,0,2019,39.1,0.606719367588933,0.485714285714286,0.455172413793103
"83",0,0,0,0,0,0,0,1,0,0,0,0,0,1,0,0,0,0,0,2019,42.5,0.588932806324111,0.0571428571428571,0.248275862068966
"84",0,0,0,0,0,0,0,1,0,0,0,0,0,0,0,0,0,1,0,2019,36.9,0.654150197628458,0,0.248275862068966
"85",0,0,0,0,0,0,0,1,0,0,0,0,0,0,0,0,0,0,1,2019,34.4,0.705533596837945,0.0285714285714286,0.379310344827586
"86",0,0,0,0,0,0,0,1,0,0,0,0,0,0,0,0,1,0,0,2019,36.3,0.675889328063241,0.0857142857142857,0.475862068965517
"87",0,0,0,0,0,0,0,1,0,0,0,0,1,0,0,0,0,0,0,2019,44.4,0.660079051383399,0.142857142857143,0.420689655172414
"88",0,0,0,0,0,0,0,1,0,0,0,0,0,0,1,0,0,0,0,2019,46.1,0.636363636363636,0.257142857142857,0.386206896551724
"89",0,0,0,0,0,0,0,1,0,0,0,0,0,0,0,1,0,0,0,2019,49.2,0.58498023715415,0.685714285714286,0.627586206896552
"90",1,0,0,0,0,0,0,0,0,0,0,0,0,1,0,0,0,0,0,2019,41.8,0.895256916996047,0.0857142857142857,0.420689655172414
"91",1,0,0,0,0,0,0,0,0,0,0,0,0,0,0,0,0,1,0,2019,37.1,0.624505928853755,0.0857142857142857,0.255172413793103
"92",1,0,0,0,0,0,0,0,0,0,0,0,0,0,0,0,0,0,1,2019,43.7,0.6699604743083,0,0.268965517241379
"93",1,0,0,0,0,0,0,0,0,0,0,0,0,0,0,0,1,0,0,2019,44.5,0.636363636363636,0.0285714285714286,0.379310344827586
"94",1,0,0,0,0,0,0,0,0,0,0,0,1,0,0,0,0,0,0,2019,39.4,0.719367588932806,0.114285714285714,0.303448275862069
"95",1,0,0,0,0,0,0,0,0,0,0,0,0,0,1,0,0,0,0,2019,46.3,0.794466403162055,0.428571428571429,0.606896551724138
"96",1,0,0,0,0,0,0,0,0,0,0,0,0,0,0,1,0,0,0,2019,45.3,0.715415019762846,0.314285714285714,0.620689655172414
"97",1,0,0,0,0,0,0,0,0,0,0,0,0,1,0,0,0,0,0,2019,46.2,0.796442687747036,0.114285714285714,0.517241379310345
"98",1,0,0,0,0,0,0,0,0,0,0,0,0,0,0,0,0,1,0,2019,41.4,0.695652173913043,0.0571428571428571,0.427586206896552
"99",1,0,0,0,0,0,0,0,0,0,0,0,0,0,0,0,0,0,1,2019,41.8,0.628458498023715,0.0285714285714286,0.096551724137931
"100",1,0,0,0,0,0,0,0,0,0,0,0,0,0,0,0,1,0,0,2019,40.3,0.800395256916996,0.0285714285714286,0.310344827586207
"101",1,0,0,0,0,0,0,0,0,0,0,0,1,0,0,0,0,0,0,2019,43.8,0.867588932806324,0.142857142857143,0.186206896551724
"102",1,0,0,0,0,0,0,0,0,0,0,0,0,0,1,0,0,0,0,2019,49.7,0.816205533596838,0.371428571428571,0.468965517241379
"103",1,0,0,0,0,0,0,0,0,0,0,0,0,0,0,1,0,0,0,2019,50.8,0.385375494071146,0.371428571428571,0.317241379310345
"104",1,0,0,0,0,0,0,0,0,0,0,0,0,1,0,0,0,0,0,2019,52,0.756916996047431,0.0571428571428571,0.220689655172414
"105",1,0,0,0,0,0,0,0,0,0,0,0,0,0,0,0,0,1,0,2019,47.1,0.725296442687747,0.0857142857142857,0.441379310344828
"106",1,0,0,0,0,0,0,0,0,0,0,0,0,0,0,0,0,0,1,2019,47.5,0.693675889328063,0.0571428571428571,0.289655172413793
"107",1,0,0,0,0,0,0,0,0,0,0,0,0,0,0,0,1,0,0,2019,43.7,0.567193675889328,0,0.303448275862069
"108",1,0,0,0,0,0,0,0,0,0,0,0,1,0,0,0,0,0,0,2019,53.7,0.610671936758893,0.142857142857143,0.213793103448276
"109",1,0,0,0,0,0,0,0,0,0,0,0,0,0,1,0,0,0,0,2019,54.5,0.768774703557312,0.485714285714286,0.544827586206897
"110",1,0,0,0,0,0,0,0,0,0,0,0,0,0,0,1,0,0,0,2019,52.2,0.600790513833992,0.228571428571429,0.710344827586207
"111",1,0,0,0,0,0,0,0,0,0,0,0,0,1,0,0,0,0,0,2019,52.1,0.782608695652174,0.142857142857143,0.427586206896552
"112",1,0,0,0,0,0,0,0,0,0,0,0,0,0,0,0,0,1,0,2019,48.8,0.794466403162055,0.0285714285714286,0.351724137931034
"113",1,0,0,0,0,0,0,0,0,0,0,0,0,0,0,0,0,0,1,2019,51.5,0.713438735177866,0.0857142857142857,0.275862068965517
"114",1,0,0,0,0,0,0,0,0,0,0,0,0,0,0,0,1,0,0,2019,47.7,0.841897233201581,0,0.462068965517241
"115",1,0,0,0,0,0,0,0,0,0,0,0,1,0,0,0,0,0,0,2019,46.8,0.83201581027668,0.257142857142857,0.358620689655172
"116",1,0,0,0,0,0,0,0,0,0,0,0,0,0,1,0,0,0,0,2019,52.9,0.569169960474308,0.114285714285714,0.4
"117",1,0,0,0,0,0,0,0,0,0,0,0,0,0,0,1,0,0,0,2019,46.9,0.523715415019763,0.314285714285714,0.441379310344828
"118",1,0,0,0,0,0,0,0,0,0,0,0,0,1,0,0,0,0,0,2019,47.8,0.743083003952569,0.0857142857142857,0.275862068965517
"119",1,0,0,0,0,0,0,0,0,0,0,0,0,0,0,0,0,1,0,2019,45.6,0.766798418972332,0.0857142857142857,0.393103448275862
"120",0,0,0,0,0,0,0,0,1,0,0,0,0,0,0,0,0,0,1,2019,46.9,0.940711462450593,0.0285714285714286,0.351724137931034
"121",0,0,0,0,0,0,0,0,1,0,0,0,0,0,0,0,1,0,0,2019,49.4,0.707509881422925,0.0571428571428571,0.289655172413793
"122",0,0,0,0,0,0,0,0,1,0,0,0,1,0,0,0,0,0,0,2019,47.3,0.889328063241107,0.2,0.36551724137931
"123",0,0,0,0,0,0,0,0,1,0,0,0,0,0,1,0,0,0,0,2019,51.3,0.707509881422925,0.371428571428571,0.544827586206897
"124",0,0,0,0,0,0,0,0,1,0,0,0,0,0,0,1,0,0,0,2019,46.9,0.865612648221344,0.428571428571429,0.758620689655172
"125",0,0,0,0,0,0,0,0,1,0,0,0,0,1,0,0,0,0,0,2019,48.1,0.891304347826087,0.0571428571428571,0.510344827586207
"126",0,0,0,0,0,0,0,0,1,0,0,0,0,0,0,0,0,1,0,2019,48.3,0.709486166007905,0.114285714285714,0.386206896551724
"127",0,0,0,0,0,0,0,0,1,0,0,0,0,0,0,0,0,0,1,2019,53,0.826086956521739,0.142857142857143,0.620689655172414
"128",0,0,0,0,0,0,0,0,1,0,0,0,0,0,0,0,1,0,0,2019,47.7,0.782608695652174,0.0571428571428571,0.413793103448276
"129",0,0,0,0,0,0,0,0,1,0,0,0,1,0,0,0,0,0,0,2019,48.4,0.903162055335968,0.142857142857143,0.56551724137931
"130",0,0,0,0,0,0,0,0,1,0,0,0,0,0,1,0,0,0,0,2019,56.8,0.701581027667984,0.257142857142857,0.351724137931034
"131",0,0,0,0,0,0,0,0,1,0,0,0,0,0,0,1,0,0,0,2019,45.7,0.573122529644269,0.4,0.420689655172414
"132",0,0,0,0,0,0,0,0,1,0,0,0,0,1,0,0,0,0,0,2019,46.1,0.887351778656126,0.142857142857143,0.551724137931034
"133",0,0,0,0,0,0,0,0,1,0,0,0,0,0,0,0,0,1,0,2019,44.9,0.74901185770751,0,0.468965517241379
"134",0,0,0,0,0,0,0,0,1,0,0,0,0,0,0,0,0,0,1,2019,48.5,0.837944664031621,0.0285714285714286,0.462068965517241
"135",0,0,0,0,0,0,0,0,1,0,0,0,0,0,0,0,1,0,0,2019,53.3,0.788537549407115,0.0857142857142857,0.379310344827586
"136",0,0,0,0,0,0,0,0,1,0,0,0,1,0,0,0,0,0,0,2019,52.3,0.857707509881423,0.0571428571428571,0.524137931034483
"137",0,0,0,0,0,0,0,0,1,0,0,0,0,0,1,0,0,0,0,2019,56.7,0.822134387351779,0.4,0.641379310344828
"138",0,0,0,0,0,0,0,0,1,0,0,0,0,0,0,1,0,0,0,2019,52,0.857707509881423,0.371428571428571,0.827586206896552
"139",0,0,0,0,0,0,0,0,1,0,0,0,0,1,0,0,0,0,0,2019,57.2,0.924901185770751,0.0571428571428571,0.482758620689655
"140",0,0,0,0,0,0,0,0,1,0,0,0,0,0,0,0,0,1,0,2019,58.9,0.764822134387352,0,0.379310344827586
"141",0,0,0,0,0,0,0,0,1,0,0,0,0,0,0,0,0,0,1,2019,56.7,0.851778656126482,0.0285714285714286,0.531034482758621
"142",0,0,0,0,0,0,0,0,1,0,0,0,0,0,0,0,1,0,0,2019,52.5,0.851778656126482,0.142857142857143,0.641379310344828
"143",0,0,0,0,0,0,0,0,1,0,0,0,1,0,0,0,0,0,0,2019,59.3,1,0.314285714285714,0.56551724137931
"144",0,0,0,0,0,0,0,0,1,0,0,0,0,0,0,1,0,0,0,2019,57.6,0.960474308300395,0.4,0.889655172413793
"145",0,0,0,0,0,0,0,0,1,0,0,0,0,1,0,0,0,0,0,2019,62.1,0.800395256916996,0.142857142857143,0.551724137931034
"146",0,0,0,0,0,0,0,0,1,0,0,0,0,0,0,0,0,1,0,2019,51.6,0.802371541501976,0.0857142857142857,0.379310344827586
"147",0,0,0,0,0,0,0,0,1,0,0,0,0,0,0,0,0,0,1,2019,54.6,0.784584980237154,0.0285714285714286,0.420689655172414
"148",0,0,0,0,0,0,0,0,1,0,0,0,0,0,0,0,1,0,0,2019,51.3,0.800395256916996,0.0571428571428571,0.406896551724138
"149",0,0,0,0,0,0,0,0,1,0,0,0,1,0,0,0,0,0,0,2019,58.2,0.968379446640316,0.0571428571428571,0.56551724137931
"150",0,0,0,0,0,0,1,0,0,0,0,0,0,0,0,1,0,0,0,2019,56.9,0.778656126482213,0.257142857142857,0.689655172413793
"151",0,0,0,0,0,0,1,0,0,0,0,0,0,1,0,0,0,0,0,2019,60.4,0.721343873517787,0.0285714285714286,0.268965517241379
"152",0,0,0,0,0,0,1,0,0,0,0,0,0,0,0,0,0,1,0,2019,58.5,0.851778656126482,0,0.558620689655172
"153",0,0,0,0,0,0,1,0,0,0,0,0,0,0,0,0,0,0,1,2019,59.8,0.887351778656126,0.0571428571428571,0.455172413793103
"154",0,0,0,0,0,0,1,0,0,0,0,0,0,0,0,0,1,0,0,2019,62,0.790513833992095,0.0571428571428571,0.475862068965517
"155",0,0,0,0,0,0,1,0,0,0,0,0,1,0,0,0,0,0,0,2019,59.8,0.952569169960474,0.228571428571429,0.620689655172414
"156",0,0,0,0,0,0,1,0,0,0,0,0,0,0,0,1,0,0,0,2019,57.7,0.91699604743083,0.428571428571429,0.703448275862069
"157",0,0,0,0,0,0,1,0,0,0,0,0,0,1,0,0,0,0,0,2019,59.4,0.905138339920949,0.114285714285714,0.496551724137931
"158",0,0,0,0,0,0,1,0,0,0,0,0,0,0,0,0,0,1,0,2019,63.7,0.861660079051383,0.0285714285714286,0.572413793103448
"159",0,0,0,0,0,0,1,0,0,0,0,0,0,0,0,0,0,0,1,2019,62.9,0.739130434782609,0.114285714285714,0.427586206896552
"160",0,0,0,0,0,0,1,0,0,0,0,0,0,0,0,0,1,0,0,2019,56.7,0.711462450592885,0.0857142857142857,0.386206896551724
"161",0,0,0,0,0,0,1,0,0,0,0,0,1,0,0,0,0,0,0,2019,61.7,0.91897233201581,0.0571428571428571,0.606896551724138
"162",0,0,0,0,0,0,1,0,0,0,0,0,0,0,1,0,0,0,0,2019,62.7,0.970355731225296,0.485714285714286,0.655172413793103
"163",0,0,0,0,0,0,1,0,0,0,0,0,0,0,0,1,0,0,0,2019,62.8,0.75098814229249,0.571428571428571,0.744827586206897
"164",0,0,0,0,0,0,1,0,0,0,0,0,0,1,0,0,0,0,0,2019,66,0.812252964426877,0.142857142857143,0.420689655172414
"165",0,0,0,0,0,0,1,0,0,0,0,0,0,0,0,0,0,1,0,2019,60.4,0.741106719367589,0.0285714285714286,0.455172413793103
"166",0,0,0,0,0,0,1,0,0,0,0,0,0,0,0,0,0,0,1,2019,62.3,0.922924901185771,0.171428571428571,0.420689655172414
"167",0,0,0,0,0,0,1,0,0,0,0,0,0,0,0,0,1,0,0,2019,61,0.774703557312253,0.0285714285714286,0.289655172413793
"168",0,0,0,0,0,0,1,0,0,0,0,0,1,0,0,0,0,0,0,2019,63.2,0.865612648221344,0.371428571428571,0.344827586206897
"169",0,0,0,0,0,0,1,0,0,0,0,0,0,0,1,0,0,0,0,2019,64.7,0.956521739130435,0.485714285714286,0.593103448275862
"170",0,0,0,0,0,0,1,0,0,0,0,0,0,0,0,1,0,0,0,2019,65.7,0.924901185770751,0.485714285714286,0.758620689655172
"171",0,0,0,0,0,0,1,0,0,0,0,0,0,1,0,0,0,0,0,2019,68.5,0.926877470355731,0.2,0.524137931034483
"172",0,0,0,0,0,0,1,0,0,0,0,0,0,0,0,0,0,1,0,2019,61.5,0.875494071146245,0.142857142857143,0.310344827586207
"173",0,0,0,0,0,0,1,0,0,0,0,0,0,0,0,0,0,0,1,2019,67.3,0.903162055335968,0.0857142857142857,0.468965517241379
"174",0,0,0,0,0,0,1,0,0,0,0,0,0,0,0,0,1,0,0,2019,61.4,0.808300395256917,0.0571428571428571,0.386206896551724
"175",0,0,0,0,0,0,1,0,0,0,0,0,1,0,0,0,0,0,0,2019,66.8,1,0.2,0.558620689655172
"176",0,0,0,0,0,0,1,0,0,0,0,0,0,0,0,1,0,0,0,2019,69.3,0.91501976284585,0.285714285714286,1
"177",0,0,0,0,0,1,0,0,0,0,0,0,0,0,0,0,0,1,0,2019,67.9,0.845849802371542,0.0571428571428571,0.420689655172414
"178",0,0,0,0,0,1,0,0,0,0,0,0,0,0,0,0,0,0,1,2019,70.2,0.920948616600791,0.142857142857143,0.344827586206897
"179",0,0,0,0,0,1,0,0,0,0,0,0,0,0,0,0,1,0,0,2019,66.6,0.905138339920949,0.142857142857143,0.924137931034483
"180",0,0,0,0,0,1,0,0,0,0,0,0,0,0,1,0,0,0,0,2019,68.9,0.938735177865613,0.2,0.731034482758621
"181",0,0,0,0,0,1,0,0,0,0,0,0,0,0,0,1,0,0,0,2019,69,0.857707509881423,0.4,0.882758620689655
"182",0,0,0,0,0,1,0,0,0,0,0,0,0,1,0,0,0,0,0,2019,64.9,0.972332015810277,0.142857142857143,0.413793103448276
"183",0,0,0,0,0,1,0,0,0,0,0,0,0,0,0,0,0,1,0,2019,69,0.794466403162055,0.0571428571428571,0.420689655172414
"184",0,0,0,0,0,1,0,0,0,0,0,0,0,0,0,0,0,0,1,2019,71.5,0.980237154150198,0.0571428571428571,0.503448275862069
"185",0,0,0,0,0,1,0,0,0,0,0,0,0,0,0,0,1,0,0,2019,66.8,0.837944664031621,0.142857142857143,0.593103448275862
"186",0,0,0,0,0,1,0,0,0,0,0,0,1,0,0,0,0,0,0,2019,70.8,0.883399209486166,0.2,0.468965517241379
"187",0,0,0,0,0,1,0,0,0,0,0,0,0,0,0,1,0,0,0,2019,71.8,0.887351778656126,0.2,0.903448275862069
"188",0,0,0,0,0,1,0,0,0,0,0,0,0,1,0,0,0,0,0,2019,73.1,0.950592885375494,0.0285714285714286,0.331034482758621
"189",0,0,0,0,0,1,0,0,0,0,0,0,0,0,0,0,0,1,0,2019,70.3,0.818181818181818,0.0285714285714286,0.517241379310345
"190",0,0,0,0,0,1,0,0,0,0,0,0,0,0,0,0,0,0,1,2019,70.9,0.91304347826087,0.0571428571428571,0.303448275862069
"191",0,0,0,0,0,1,0,0,0,0,0,0,0,0,0,0,1,0,0,2019,71.4,0.828063241106719,0.0857142857142857,0.441379310344828
"192",0,0,0,0,0,1,0,0,0,0,0,0,1,0,0,0,0,0,0,2019,69.2,0.911067193675889,0.114285714285714,0.572413793103448
"193",0,0,0,0,0,1,0,0,0,0,0,0,0,0,1,0,0,0,0,2019,76.2,0.960474308300395,0.428571428571429,0.56551724137931
"194",0,0,0,0,0,1,0,0,0,0,0,0,0,0,0,1,0,0,0,2019,76.7,0.855731225296443,0.457142857142857,0.855172413793103
"195",0,0,0,0,0,1,0,0,0,0,0,0,0,1,0,0,0,0,0,2019,76.5,0.887351778656126,0.0285714285714286,0.296551724137931
"196",0,0,0,0,0,1,0,0,0,0,0,0,0,0,0,0,0,1,0,2019,70.4,0.883399209486166,0.0571428571428571,0.282758620689655
"197",0,0,0,0,0,1,0,0,0,0,0,0,0,0,0,0,0,0,1,2019,66.1,0.798418972332016,0.114285714285714,0.206896551724138
"198",0,0,0,0,0,1,0,0,0,0,0,0,0,0,0,0,1,0,0,2019,69.5,0.907114624505929,0,0.379310344827586
"199",0,0,0,0,0,1,0,0,0,0,0,0,1,0,0,0,0,0,0,2019,67.1,0.938735177865613,0.228571428571429,0.4
"200",0,0,0,0,0,1,0,0,0,0,0,0,0,0,1,0,0,0,0,2019,67.1,0.958498023715415,0.342857142857143,0.737931034482759
"201",0,0,0,0,0,1,0,0,0,0,0,0,0,0,0,1,0,0,0,2019,66.9,0.972332015810277,0.228571428571429,0.83448275862069
"202",0,0,0,0,0,1,0,0,0,0,0,0,0,1,0,0,0,0,0,2019,72.8,0.936758893280632,0,0.572413793103448
"203",0,0,0,0,0,1,0,0,0,0,0,0,0,0,0,0,0,1,0,2019,73,0.861660079051383,0.142857142857143,0.358620689655172
"204",0,0,0,0,0,1,0,0,0,0,0,0,0,0,0,0,0,0,1,2019,72.9,0.735177865612648,0.0571428571428571,0.310344827586207
"205",0,1,0,0,0,0,0,0,0,0,0,0,0,0,0,1,0,0,0,2019,73.3,0.990118577075099,0.8,0.83448275862069
"206",0,1,0,0,0,0,0,0,0,0,0,0,0,1,0,0,0,0,0,2019,70.2,0.924901185770751,0,0.503448275862069
"207",0,1,0,0,0,0,0,0,0,0,0,0,0,0,0,0,0,1,0,2019,68.9,0.875494071146245,0.0285714285714286,0.441379310344828
"208",0,1,0,0,0,0,0,0,0,0,0,0,0,0,0,0,0,0,1,2019,70.2,0.865612648221344,0.0857142857142857,0.351724137931034
"209",0,1,0,0,0,0,0,0,0,0,0,0,0,0,0,0,1,0,0,2019,73.3,0.946640316205534,0.0571428571428571,0.482758620689655
"210",0,1,0,0,0,0,0,0,0,0,0,0,1,0,0,0,0,0,0,2019,73.7,0.899209486166008,0.142857142857143,0.496551724137931
"211",0,1,0,0,0,0,0,0,0,0,0,0,0,0,1,0,0,0,0,2019,71.2,0.907114624505929,0.228571428571429,0.710344827586207
"212",0,1,0,0,0,0,0,0,0,0,0,0,0,0,0,1,0,0,0,2019,68.8,0.911067193675889,0.342857142857143,0.710344827586207
"213",0,1,0,0,0,0,0,0,0,0,0,0,0,1,0,0,0,0,0,2019,71.2,0.727272727272727,0,0.379310344827586
"214",0,1,0,0,0,0,0,0,0,0,0,0,0,0,0,0,0,1,0,2019,71.2,0.83201581027668,0.0285714285714286,0.206896551724138
"215",0,1,0,0,0,0,0,0,0,0,0,0,0,0,0,0,0,0,1,2019,71.1,0.893280632411067,0.0285714285714286,0.379310344827586
"216",0,1,0,0,0,0,0,0,0,0,0,0,0,0,0,0,1,0,0,2019,68.6,0.934782608695652,0.371428571428571,0.379310344827586
"217",0,1,0,0,0,0,0,0,0,0,0,0,1,0,0,0,0,0,0,2019,66.6,0.855731225296443,0.228571428571429,0.303448275862069
"218",0,1,0,0,0,0,0,0,0,0,0,0,0,0,1,0,0,0,0,2019,67.5,0.928853754940711,0.257142857142857,0.696551724137931
"219",0,1,0,0,0,0,0,0,0,0,0,0,0,0,0,1,0,0,0,2019,71.2,0.826086956521739,0.314285714285714,0.793103448275862
"220",0,1,0,0,0,0,0,0,0,0,0,0,0,1,0,0,0,0,0,2019,73.3,0.881422924901186,0.142857142857143,0.344827586206897
"221",0,1,0,0,0,0,0,0,0,0,0,0,0,0,0,0,0,1,0,2019,75.5,0.772727272727273,0,0.344827586206897
"222",0,1,0,0,0,0,0,0,0,0,0,0,0,0,0,0,0,0,1,2019,70.6,0.75296442687747,0.0857142857142857,0.227586206896552
"223",0,1,0,0,0,0,0,0,0,0,0,0,0,0,0,0,1,0,0,2019,74.6,0.816205533596838,0.142857142857143,0.393103448275862
"224",0,1,0,0,0,0,0,0,0,0,0,0,1,0,0,0,0,0,0,2019,72,0.869565217391304,0.114285714285714,0.331034482758621
"225",0,1,0,0,0,0,0,0,0,0,0,0,0,0,1,0,0,0,0,2019,68.3,0.942687747035573,0.2,0.682758620689655
"226",0,1,0,0,0,0,0,0,0,0,0,0,0,0,0,1,0,0,0,2019,65.5,0.841897233201581,0.0857142857142857,0.882758620689655
"227",0,1,0,0,0,0,0,0,0,0,0,0,0,1,0,0,0,0,0,2019,64.3,0.768774703557312,0.0571428571428571,0.324137931034483
"228",0,1,0,0,0,0,0,0,0,0,0,0,0,0,0,0,0,1,0,2019,60.4,0.772727272727273,0.0571428571428571,0.344827586206897
"229",0,1,0,0,0,0,0,0,0,0,0,0,0,0,0,0,0,0,1,2019,65.4,0.814229249011858,0.0571428571428571,0.344827586206897
"230",0,1,0,0,0,0,0,0,0,0,0,0,0,0,0,0,1,0,0,2019,71,0.853754940711462,0.0571428571428571,0.420689655172414
"231",0,1,0,0,0,0,0,0,0,0,0,0,1,0,0,0,0,0,0,2019,68,0.841897233201581,0.0857142857142857,0.406896551724138
"232",0,1,0,0,0,0,0,0,0,0,0,0,0,0,1,0,0,0,0,2019,70.3,0.857707509881423,0.342857142857143,0.503448275862069
"233",0,0,0,0,0,0,0,0,0,0,0,1,0,1,0,0,0,0,0,2019,64.9,0.861660079051383,0.0571428571428571,0.606896551724138
"234",0,0,0,0,0,0,0,0,0,0,0,1,0,0,0,0,0,1,0,2019,70,0.6699604743083,0.0285714285714286,0.2
"235",0,0,0,0,0,0,0,0,0,0,0,1,0,0,0,0,0,0,1,2019,66.6,0.675889328063241,0.0571428571428571,0.241379310344828
"236",0,0,0,0,0,0,0,0,0,0,0,1,0,0,0,0,1,0,0,2019,67.7,0.608695652173913,0.0285714285714286,0.303448275862069
"237",0,0,0,0,0,0,0,0,0,0,0,1,1,0,0,0,0,0,0,2019,59.3,0.853754940711462,0.257142857142857,0.379310344827586
"238",0,0,0,0,0,0,0,0,0,0,0,1,0,0,1,0,0,0,0,2019,62.1,0.782608695652174,0.228571428571429,0.586206896551724
"239",0,0,0,0,0,0,0,0,0,0,0,1,0,0,0,1,0,0,0,2019,66,0.74901185770751,0.2,0.689655172413793
"240",0,0,0,0,0,0,0,0,0,0,0,1,0,1,0,0,0,0,0,2019,63.9,0.863636363636364,0.0285714285714286,0.406896551724138
"241",0,0,0,0,0,0,0,0,0,0,0,1,0,0,0,0,0,1,0,2019,62.8,0.74901185770751,0.0285714285714286,0.441379310344828
"242",0,0,0,0,0,0,0,0,0,0,0,1,0,0,0,0,0,0,1,2019,68.3,0.808300395256917,0.0285714285714286,0.468965517241379
"243",0,0,0,0,0,0,0,0,0,0,0,1,0,0,0,0,1,0,0,2019,65.4,0.877470355731225,0.0857142857142857,0.468965517241379
"244",0,0,0,0,0,0,0,0,0,0,0,1,1,0,0,0,0,0,0,2019,59.6,0.940711462450593,0.257142857142857,0.696551724137931
"245",0,0,0,0,0,0,0,0,0,0,0,1,0,0,1,0,0,0,0,2019,60.7,0.83596837944664,0.457142857142857,0.572413793103448
"246",0,0,0,0,0,0,0,0,0,0,0,1,0,0,0,1,0,0,0,2019,68.2,0.877470355731225,0.342857142857143,0.744827586206897
"247",0,0,0,0,0,0,0,0,0,0,0,1,0,1,0,0,0,0,0,2019,65.4,0.91897233201581,0.0285714285714286,0.43448275862069
"248",0,0,0,0,0,0,0,0,0,0,0,1,0,0,0,0,0,1,0,2019,61.5,0.869565217391304,0.0857142857142857,0.468965517241379
"249",0,0,0,0,0,0,0,0,0,0,0,1,0,0,0,0,0,0,1,2019,56,0.822134387351779,0,0.413793103448276
"250",0,0,0,0,0,0,0,0,0,0,0,1,0,0,0,0,1,0,0,2019,57.3,0.885375494071146,0.0571428571428571,0.43448275862069
"251",0,0,0,0,0,0,0,0,0,0,0,1,1,0,0,0,0,0,0,2019,58.8,0.938735177865613,0.257142857142857,0.496551724137931
"252",0,0,0,0,0,0,0,0,0,0,0,1,0,0,1,0,0,0,0,2019,67,0.822134387351779,0.342857142857143,0.503448275862069
"253",0,0,0,0,0,0,0,0,0,0,0,1,0,0,0,1,0,0,0,2019,64.6,0.622529644268775,0.4,0.503448275862069
"254",0,0,0,0,0,0,0,0,0,0,0,1,0,1,0,0,0,0,0,2019,68.5,0.839920948616601,0,0.358620689655172
"255",0,0,0,0,0,0,0,0,0,0,0,1,0,0,0,0,0,1,0,2019,68.6,0.822134387351779,0.0857142857142857,0.351724137931034
"256",0,0,0,0,0,0,0,0,0,0,0,1,0,0,0,0,0,0,1,2019,63.8,0.735177865612648,0.0857142857142857,0.310344827586207
"257",0,0,0,0,0,0,0,0,0,0,0,1,0,0,0,0,1,0,0,2019,64.7,0.727272727272727,0.0285714285714286,0.406896551724138
"258",0,0,0,0,0,0,0,0,0,0,0,1,1,0,0,0,0,0,0,2019,63.5,0.646245059288538,0.2,0.310344827586207
"259",0,0,0,0,0,0,0,0,0,0,0,1,0,0,1,0,0,0,0,2019,63.8,0.709486166007905,0.285714285714286,0.393103448275862
"260",0,0,0,0,0,0,0,0,0,0,0,1,0,0,0,1,0,0,0,2019,66.9,0.735177865612648,0.4,0.586206896551724
"261",0,0,0,0,0,0,0,0,0,0,0,1,0,1,0,0,0,0,0,2019,56.3,0.814229249011858,0.0571428571428571,0.241379310344828
"262",0,0,0,0,0,0,0,0,0,0,1,0,0,0,0,0,0,0,1,2019,67.6,0.768774703557312,0.114285714285714,0.275862068965517
"263",0,0,0,0,0,0,0,0,0,0,1,0,0,0,0,0,1,0,0,2019,55.3,0.768774703557312,0.0571428571428571,0.186206896551724
"264",0,0,0,0,0,0,0,0,0,0,1,0,1,0,0,0,0,0,0,2019,57.4,0.741106719367589,0.2,0.310344827586207
"265",0,0,0,0,0,0,0,0,0,0,1,0,0,0,1,0,0,0,0,2019,51.9,0.754940711462451,0.314285714285714,0.427586206896552
"266",0,0,0,0,0,0,0,0,0,0,1,0,0,0,0,1,0,0,0,2019,52,0.650197628458498,0.371428571428571,0.337931034482759
"267",0,0,0,0,0,0,0,0,0,0,1,0,0,1,0,0,0,0,0,2019,66.9,0.800395256916996,0.142857142857143,0.43448275862069
"268",0,0,0,0,0,0,0,0,0,0,1,0,0,0,0,0,0,1,0,2019,61.3,0.733201581027668,0.0285714285714286,0.351724137931034
"269",0,0,0,0,0,0,0,0,0,0,1,0,0,0,0,0,0,0,1,2019,56.9,0.776679841897233,0,0.268965517241379
"270",0,0,0,0,0,0,0,0,0,0,1,0,0,0,0,0,1,0,0,2019,54.5,0.604743083003953,0.0857142857142857,0.179310344827586
"271",0,0,0,0,0,0,0,0,0,0,1,0,1,0,0,0,0,0,0,2019,55.5,0.764822134387352,0.0285714285714286,0.248275862068966
"272",0,0,0,0,0,0,0,0,0,0,1,0,0,0,1,0,0,0,0,2019,56.2,0.772727272727273,0.2,0.296551724137931
"273",0,0,0,0,0,0,0,0,0,0,1,0,0,0,0,1,0,0,0,2019,57.6,0.703557312252964,0.314285714285714,0.531034482758621
"274",0,0,0,0,0,0,0,0,0,0,1,0,0,1,0,0,0,0,0,2019,57.7,0.681818181818182,0.0857142857142857,0.213793103448276
"275",0,0,0,0,0,0,0,0,0,0,1,0,0,0,0,0,0,1,0,2019,56.7,0.796442687747036,0.0285714285714286,0.220689655172414
"276",0,0,0,0,0,0,0,0,0,0,1,0,0,0,0,0,0,0,1,2019,51.5,0.790513833992095,0.142857142857143,0.303448275862069
"277",0,0,0,0,0,0,0,0,0,0,1,0,0,0,0,0,1,0,0,2019,58.2,0.662055335968379,0.114285714285714,0.227586206896552
"278",0,0,0,0,0,0,0,0,0,0,1,0,1,0,0,0,0,0,0,2019,55,0.717391304347826,0.114285714285714,0.23448275862069
"279",0,0,0,0,0,0,0,0,0,0,1,0,0,0,1,0,0,0,0,2019,50.5,0.745059288537549,0.228571428571429,0.696551724137931
"280",0,0,0,0,0,0,0,0,0,0,1,0,0,0,0,1,0,0,0,2019,49.3,0.74901185770751,0.228571428571429,0.531034482758621
"281",0,0,0,0,0,0,0,0,0,0,1,0,0,1,0,0,0,0,0,2019,55.2,0.733201581027668,0.0857142857142857,0.420689655172414
"282",0,0,0,0,0,0,0,0,0,0,1,0,0,0,0,0,0,1,0,2019,56.3,0.630434782608696,0,0.268965517241379
"283",0,0,0,0,0,0,0,0,0,0,1,0,0,0,0,0,0,0,1,2019,61.4,0.709486166007905,0,0.248275862068966
"284",0,0,0,0,0,0,0,0,0,0,1,0,0,0,0,0,1,0,0,2019,55.5,0.741106719367589,0.0285714285714286,0.2
"285",0,0,0,0,0,0,0,0,0,0,1,0,1,0,0,0,0,0,0,2019,55.9,0.810276679841897,0.171428571428571,0.427586206896552
"286",0,0,0,0,0,0,0,0,0,0,1,0,0,0,1,0,0,0,0,2019,55.2,0.430830039525692,0.628571428571429,0.317241379310345
"287",0,0,0,0,0,0,0,0,0,0,1,0,0,0,0,1,0,0,0,2019,53.4,0.711462450592885,0.628571428571429,0.531034482758621
"288",0,0,0,0,0,0,0,0,0,0,1,0,0,1,0,0,0,0,0,2019,56,0.630434782608696,0.171428571428571,0.372413793103448
"289",0,0,0,0,0,0,0,0,0,0,1,0,0,0,0,0,0,1,0,2019,55.1,0.58102766798419,0.0857142857142857,0.2
"290",0,0,0,0,0,0,0,0,0,0,1,0,0,0,0,0,0,0,1,2019,57.8,0.468379446640316,0.0857142857142857,0.158620689655172
"291",0,0,0,0,0,0,0,0,0,0,1,0,0,0,0,0,1,0,0,2019,62.5,0.490118577075099,0.285714285714286,0.144827586206897
"292",0,0,0,0,0,0,0,0,0,1,0,0,0,0,1,0,0,0,0,2019,47,0.638339920948617,0.542857142857143,0.441379310344828
"293",0,0,0,0,0,0,0,0,0,1,0,0,0,0,0,1,0,0,0,2019,51,0.75098814229249,0.371428571428571,0.593103448275862
"294",0,0,0,0,0,0,0,0,0,1,0,0,0,1,0,0,0,0,0,2019,48.1,0.654150197628458,0.0285714285714286,0.393103448275862
"295",0,0,0,0,0,0,0,0,0,1,0,0,0,0,0,0,0,1,0,2019,56.6,0.58300395256917,0.0285714285714286,0.206896551724138
"296",0,0,0,0,0,0,0,0,0,1,0,0,0,0,0,0,0,0,1,2019,51.5,0.632411067193676,0.0571428571428571,0.268965517241379
"297",0,0,0,0,0,0,0,0,0,1,0,0,0,0,0,0,1,0,0,2019,51.4,0.638339920948617,0.171428571428571,0.227586206896552
"298",0,0,0,0,0,0,0,0,0,1,0,0,1,0,0,0,0,0,0,2019,42.7,0.6699604743083,0.0285714285714286,0.241379310344828
"299",0,0,0,0,0,0,0,0,0,1,0,0,0,0,1,0,0,0,0,2019,35.3,0.729249011857708,0.285714285714286,0.379310344827586
"300",0,0,0,0,0,0,0,0,0,1,0,0,0,0,0,1,0,0,0,2019,48.3,0.614624505928854,0.257142857142857,0.531034482758621
"301",0,0,0,0,0,0,0,0,0,1,0,0,0,1,0,0,0,0,0,2019,51.5,0.302371541501976,0.0571428571428571,0
"302",0,0,0,0,0,0,0,0,0,1,0,0,0,0,0,0,0,1,0,2019,53.9,0.407114624505929,0.0285714285714286,0.0413793103448276
"303",0,0,0,0,0,0,0,0,0,1,0,0,0,0,0,0,0,0,1,2019,29,0.468379446640316,0.0857142857142857,0.110344827586207
"304",0,0,0,0,0,0,0,0,0,1,0,0,0,0,0,0,1,0,0,2019,35,0.468379446640316,0.0285714285714286,0.0551724137931034
"305",0,0,0,0,0,0,0,0,0,1,0,0,1,0,0,0,0,0,0,2019,49.3,0.824110671936759,0.142857142857143,0.372413793103448
"306",0,0,0,0,0,0,0,0,0,1,0,0,0,0,1,0,0,0,0,2019,39.7,0.638339920948617,0.114285714285714,0.386206896551724
"307",0,0,0,0,0,0,0,0,0,1,0,0,0,0,0,1,0,0,0,2019,41.5,0.713438735177866,0.457142857142857,0.524137931034483
"308",0,0,0,0,0,0,0,0,0,1,0,0,0,1,0,0,0,0,0,2019,48.4,0.675889328063241,0.0285714285714286,0.282758620689655
"309",0,0,0,0,0,0,0,0,0,1,0,0,0,0,0,0,0,1,0,2019,46.5,0.683794466403162,0,0.220689655172414
"310",0,0,0,0,0,0,0,0,0,1,0,0,0,0,0,0,0,0,1,2019,44.8,0.766798418972332,0,0.413793103448276
"311",0,0,0,0,0,0,0,0,0,1,0,0,0,0,0,0,1,0,0,2019,43.3,0.634387351778656,0.0857142857142857,0.268965517241379
"312",0,0,0,0,0,0,0,0,0,1,0,0,1,0,0,0,0,0,0,2019,48.1,0.762845849802372,0.114285714285714,0.310344827586207
"313",0,0,0,0,0,0,0,0,0,1,0,0,0,0,1,0,0,0,0,2019,40.4,0.713438735177866,0.514285714285714,0.4
"314",0,0,0,0,0,0,0,0,0,1,0,0,0,0,0,1,0,0,0,2019,50.2,0.705533596837945,0.342857142857143,0.448275862068966
"315",0,0,0,0,0,0,0,0,0,1,0,0,0,1,0,0,0,0,0,2019,45.4,0.697628458498024,0,0.144827586206897
"316",0,0,0,0,0,0,0,0,0,1,0,0,0,0,0,0,0,1,0,2019,46.5,0.66600790513834,0,0.441379310344828
"317",0,0,0,0,0,0,0,0,0,1,0,0,0,0,0,0,0,0,1,2019,48.5,0.58498023715415,0.0571428571428571,0.117241379310345
"318",0,0,0,0,0,0,0,0,0,1,0,0,0,0,0,0,1,0,0,2019,47.2,0.3300395256917,0.0571428571428571,0.337931034482759
"319",0,0,0,0,0,0,0,0,0,1,0,0,1,0,0,0,0,0,0,2019,40.5,0.608695652173913,0.2,0.358620689655172
"320",0,0,0,0,0,0,0,0,0,1,0,0,0,0,1,0,0,0,0,2019,35,0.636363636363636,0.4,0.296551724137931
"321",0,0,1,0,0,0,0,0,0,0,0,0,0,0,0,1,0,0,0,2019,36.7,0.756916996047431,0.285714285714286,0.386206896551724
"322",0,0,1,0,0,0,0,0,0,0,0,0,0,1,0,0,0,0,0,2019,44.8,0.727272727272727,0.0571428571428571,0.2
"323",0,0,1,0,0,0,0,0,0,0,0,0,0,0,0,0,0,1,0,2019,39.9,0.689723320158103,0.114285714285714,0.220689655172414
"324",0,0,1,0,0,0,0,0,0,0,0,0,0,0,0,0,0,0,1,2019,36.6,0.800395256916996,0.0857142857142857,0.303448275862069
"325",0,0,1,0,0,0,0,0,0,0,0,0,0,0,0,0,1,0,0,2019,39.6,0.709486166007905,0.0285714285714286,0.36551724137931
"326",0,0,1,0,0,0,0,0,0,0,0,0,1,0,0,0,0,0,0,2019,38.3,0.780632411067194,0.171428571428571,0.324137931034483
"327",0,0,1,0,0,0,0,0,0,0,0,0,0,0,1,0,0,0,0,2019,36.4,0.709486166007905,0.2,0.379310344827586
"328",0,0,1,0,0,0,0,0,0,0,0,0,0,0,0,1,0,0,0,2019,31.8,0.652173913043478,0.257142857142857,0.551724137931034
"329",0,0,1,0,0,0,0,0,0,0,0,0,0,1,0,0,0,0,0,2019,48.2,0.719367588932806,0.0571428571428571,0.255172413793103
"330",0,0,1,0,0,0,0,0,0,0,0,0,0,0,0,0,0,1,0,2019,53.1,0.660079051383399,0.0571428571428571,0.158620689655172
"331",0,0,1,0,0,0,0,0,0,0,0,0,0,0,0,0,0,0,1,2019,39.9,0.523715415019763,0.0285714285714286,0.137931034482759
"332",0,0,1,0,0,0,0,0,0,0,0,0,0,0,0,0,1,0,0,2019,31.1,0.622529644268775,0.171428571428571,0.16551724137931
"333",0,0,1,0,0,0,0,0,0,0,0,0,1,0,0,0,0,0,0,2019,38.7,0.772727272727273,0.371428571428571,0.406896551724138
"334",0,0,1,0,0,0,0,0,0,0,0,0,0,0,1,0,0,0,0,2019,52.7,0.673913043478261,0.457142857142857,0.489655172413793
"335",0,0,1,0,0,0,0,0,0,0,0,0,0,0,0,1,0,0,0,2019,47.7,0.620553359683794,0.428571428571429,0.406896551724138
"336",0,0,1,0,0,0,0,0,0,0,0,0,0,1,0,0,0,0,0,2019,35.4,0.559288537549407,0.0857142857142857,0.268965517241379
"337",0,0,1,0,0,0,0,0,0,0,0,0,0,0,0,0,0,1,0,2019,37.5,0.650197628458498,0.0571428571428571,0.372413793103448
"338",0,0,1,0,0,0,0,0,0,0,0,0,0,0,0,0,0,0,1,2019,39.3,0.616600790513834,0.142857142857143,0.36551724137931
"339",0,0,1,0,0,0,0,0,0,0,0,0,0,0,0,0,1,0,0,2019,24.2,0.675889328063241,0.0857142857142857,0.262068965517241
"340",0,0,1,0,0,0,0,0,0,0,0,0,1,0,0,0,0,0,0,2019,24.2,0.760869565217391,0.228571428571429,0.2
"341",0,0,1,0,0,0,0,0,0,0,0,0,0,0,1,0,0,0,0,2019,33.3,0.802371541501976,0.4,0.462068965517241
"342",0,0,1,0,0,0,0,0,0,0,0,0,0,0,0,1,0,0,0,2019,41.3,0.671936758893281,0.428571428571429,0.296551724137931
"343",0,0,1,0,0,0,0,0,0,0,0,0,0,1,0,0,0,0,0,2019,44.3,0.691699604743083,0.142857142857143,0.213793103448276
"344",0,0,1,0,0,0,0,0,0,0,0,0,0,0,0,0,0,1,0,2019,42.8,0.559288537549407,0.0571428571428571,0.262068965517241
"345",0,0,1,0,0,0,0,0,0,0,0,0,0,0,0,0,0,0,1,2019,35.6,0.33596837944664,0.0285714285714286,0.482758620689655
"346",0,0,1,0,0,0,0,0,0,0,0,0,0,0,0,0,1,0,0,2019,35.9,0.531620553359684,0,0.255172413793103
"347",0,0,1,0,0,0,0,0,0,0,0,0,1,0,0,0,0,0,0,2019,40.1,0.695652173913043,0.0857142857142857,0.16551724137931
"348",0,0,1,0,0,0,0,0,0,0,0,0,0,0,1,0,0,0,0,2019,44.5,0.588932806324111,0.171428571428571,0.262068965517241
"349",0,0,1,0,0,0,0,0,0,0,0,0,0,0,0,1,0,0,0,2019,38.4,0.687747035573123,0.285714285714286,0.537931034482759
"350",0,0,1,0,0,0,0,0,0,0,0,0,0,1,0,0,0,0,0,2019,39.6,0.543478260869565,0.257142857142857,0.2
"351",0,0,1,0,0,0,0,0,0,0,0,0,0,0,0,0,0,1,0,2019,44.7,0.411067193675889,0.2,0.289655172413793
"352",0,0,0,0,1,0,0,0,0,0,0,0,1,0,0,0,0,0,0,2021,39.6,0.83010752688172,0.181818181818182,0.744
"353",0,0,0,0,1,0,0,0,0,0,0,0,0,0,1,0,0,0,0,2021,47.4,0.245161290322581,0.0454545454545455,0.16
"354",0,0,0,0,1,0,0,0,0,0,0,0,0,0,0,1,0,0,0,2021,41.1,0.387096774193548,0,0.352
"355",0,0,0,0,1,0,0,0,0,0,0,0,0,1,0,0,0,0,0,2021,41.2,0.421505376344086,0,0.16
"356",0,0,0,0,1,0,0,0,0,0,0,0,0,0,0,0,0,1,0,2021,38.7,0.440860215053763,0,0.12
"357",0,0,0,0,1,0,0,0,0,0,0,0,0,0,0,0,0,0,1,2021,37.4,0.318279569892473,0,0
"358",0,0,0,0,1,0,0,0,0,0,0,0,0,0,0,0,1,0,0,2021,36.5,0.520430107526882,0.0454545454545455,0.184
"359",0,0,0,0,1,0,0,0,0,0,0,0,1,0,0,0,0,0,0,2021,33.3,0.544086021505376,0.0909090909090909,0.16
"360",0,0,0,0,1,0,0,0,0,0,0,0,0,0,1,0,0,0,0,2021,32.9,0.341935483870968,0.0454545454545455,0.288
"361",0,0,0,0,1,0,0,0,0,0,0,0,0,0,0,1,0,0,0,2021,35.6,0.479569892473118,0,0.256
"362",0,0,0,0,1,0,0,0,0,0,0,0,0,1,0,0,0,0,0,2021,32.6,0.331182795698925,0,0.032
"363",0,0,0,0,1,0,0,0,0,0,0,0,0,0,0,0,0,1,0,2021,37,0.496774193548387,0,0.136
"364",0,0,0,0,1,0,0,0,0,0,0,0,0,0,0,0,0,0,1,2021,35.8,0.387096774193548,0,0.112
"365",0,0,0,0,1,0,0,0,0,0,0,0,0,0,0,0,1,0,0,2021,41.3,0.427956989247312,0,0.032
"366",0,0,0,0,1,0,0,0,0,0,0,0,1,0,0,0,0,0,0,2021,41.3,0.531182795698925,0.0909090909090909,0.192
"367",0,0,0,0,1,0,0,0,0,0,0,0,0,0,1,0,0,0,0,2021,45.4,0.32258064516129,0,0.344
"368",0,0,0,0,1,0,0,0,0,0,0,0,0,0,0,1,0,0,0,2021,40.8,0.436559139784946,0.0909090909090909,0.328
"369",0,0,0,0,1,0,0,0,0,0,0,0,0,1,0,0,0,0,0,2021,42.6,0.296774193548387,0,0.032
"370",0,0,0,0,1,0,0,0,0,0,0,0,0,0,0,0,0,1,0,2021,35.8,0.402150537634409,0,0.232
"371",0,0,0,0,1,0,0,0,0,0,0,0,0,0,0,0,0,0,1,2021,34.7,0.432258064516129,0,0.104
"372",0,0,0,0,1,0,0,0,0,0,0,0,0,0,0,0,1,0,0,2021,30.9,0.548387096774194,0,0.232
"373",0,0,0,0,1,0,0,0,0,0,0,0,1,0,0,0,0,0,0,2021,36.5,0.395698924731183,0.0909090909090909,0.16
"374",0,0,0,0,1,0,0,0,0,0,0,0,0,0,1,0,0,0,0,2021,32.2,0.408602150537634,0.0909090909090909,0.504
"375",0,0,0,0,1,0,0,0,0,0,0,0,0,0,0,1,0,0,0,2021,24.7,0.372043010752688,0.0909090909090909,0.328
"376",0,0,0,0,1,0,0,0,0,0,0,0,0,1,0,0,0,0,0,2021,26.6,0.438709677419355,0,0.184
"377",0,0,0,0,1,0,0,0,0,0,0,0,0,0,0,0,0,1,0,2021,31.9,0.221505376344086,0,0.096
"378",0,0,0,0,1,0,0,0,0,0,0,0,0,0,0,0,0,0,1,2021,34.6,0.389247311827957,0,0.032
"379",0,0,0,0,1,0,0,0,0,0,0,0,0,0,0,0,1,0,0,2021,35.3,0.309677419354839,0,0.032
"380",0,0,0,0,1,0,0,0,0,0,0,0,1,0,0,0,0,0,0,2021,18.1,0.335483870967742,0,0.328
"381",0,0,0,0,1,0,0,0,0,0,0,0,0,0,1,0,0,0,0,2021,19.2,0.268817204301075,0,0.304
"382",0,0,0,0,1,0,0,0,0,0,0,0,0,0,0,1,0,0,0,2021,22.2,0.010752688172043,0.0909090909090909,0.16
"383",0,0,0,1,0,0,0,0,0,0,0,0,0,1,0,0,0,0,0,2021,33.7,0.436559139784946,0,0.176
"384",0,0,0,1,0,0,0,0,0,0,0,0,0,0,0,0,0,1,0,2021,41.8,0.361290322580645,0,0.28
"385",0,0,0,1,0,0,0,0,0,0,0,0,0,0,0,0,0,0,1,2021,34.1,0.352688172043011,0.0909090909090909,0.08
"386",0,0,0,1,0,0,0,0,0,0,0,0,0,0,0,0,1,0,0,2021,33.3,0.212903225806452,0.0454545454545455,0.136
"387",0,0,0,1,0,0,0,0,0,0,0,0,1,0,0,0,0,0,0,2021,37.2,0.313978494623656,0.0454545454545455,0.152
"388",0,0,0,1,0,0,0,0,0,0,0,0,0,0,1,0,0,0,0,2021,38.9,0.141935483870968,0.0454545454545455,0.36
"389",0,0,0,1,0,0,0,0,0,0,0,0,0,0,0,1,0,0,0,2021,35.1,0.101075268817204,0.0909090909090909,0.296
"390",0,0,0,1,0,0,0,0,0,0,0,0,0,1,0,0,0,0,0,2021,27.6,0.167741935483871,0,0.056
"391",0,0,0,1,0,0,0,0,0,0,0,0,0,0,0,0,0,1,0,2021,26.1,0.221505376344086,0.0454545454545455,0
"392",0,0,0,1,0,0,0,0,0,0,0,0,0,0,0,0,0,0,1,2021,29.4,0.189247311827957,0,0.024
"393",0,0,0,1,0,0,0,0,0,0,0,0,0,0,0,0,1,0,0,2021,26.2,0.217204301075269,0.0454545454545455,0.184
"394",0,0,0,1,0,0,0,0,0,0,0,0,1,0,0,0,0,0,0,2021,22.5,0.32258064516129,0,0.088
"395",0,0,0,1,0,0,0,0,0,0,0,0,0,0,1,0,0,0,0,2021,27.6,0.180645161290323,0.0909090909090909,0.176
"396",0,0,0,1,0,0,0,0,0,0,0,0,0,0,0,1,0,0,0,2021,34,0.146236559139785,0.0909090909090909,0.256
"397",0,0,0,1,0,0,0,0,0,0,0,0,0,1,0,0,0,0,0,2021,37,0,0,0.136
"398",0,0,0,1,0,0,0,0,0,0,0,0,0,0,0,0,0,1,0,2021,42.7,0.0645161290322581,0.0454545454545455,0.088
"399",0,0,0,1,0,0,0,0,0,0,0,0,0,0,0,0,0,0,1,2021,32.6,0.212903225806452,0,0.016
"400",0,0,0,1,0,0,0,0,0,0,0,0,0,0,0,0,1,0,0,2021,29.2,0.236559139784946,0,0.064
"401",0,0,0,1,0,0,0,0,0,0,0,0,1,0,0,0,0,0,0,2021,33.1,0.335483870967742,0.0909090909090909,0.192
"402",0,0,0,1,0,0,0,0,0,0,0,0,0,0,1,0,0,0,0,2021,31.5,0.29247311827957,0.0454545454545455,0.224
"403",0,0,0,1,0,0,0,0,0,0,0,0,0,0,0,1,0,0,0,2021,26.8,0.273118279569892,0.0454545454545455,0.288
"404",0,0,0,1,0,0,0,0,0,0,0,0,0,1,0,0,0,0,0,2021,32.4,0.339784946236559,0.136363636363636,0.152
"405",0,0,0,1,0,0,0,0,0,0,0,0,0,0,0,0,0,1,0,2021,38.5,0.451612903225806,0,0.248
"406",0,0,0,1,0,0,0,0,0,0,0,0,0,0,0,0,0,0,1,2021,39.9,0.395698924731183,0.0454545454545455,0.192
"407",0,0,0,1,0,0,0,0,0,0,0,0,0,0,0,0,1,0,0,2021,42.9,0.423655913978495,0.0909090909090909,0.264
"408",0,0,0,1,0,0,0,0,0,0,0,0,1,0,0,0,0,0,0,2021,34.7,0.505376344086022,0.0454545454545455,0.208
"409",0,0,0,1,0,0,0,0,0,0,0,0,0,0,1,0,0,0,0,2021,39.1,0.496774193548387,0,0.408
"410",0,0,0,1,0,0,0,0,0,0,0,0,0,0,0,1,0,0,0,2021,41.6,0.490322580645161,0.0454545454545455,0.416
"411",0,0,0,0,0,0,0,1,0,0,0,0,0,1,0,0,0,0,0,2021,43.5,0.597849462365591,0,0.12
"412",0,0,0,0,0,0,0,1,0,0,0,0,0,0,0,0,0,1,0,2021,26.1,0.367741935483871,0.0454545454545455,0.104
"413",0,0,0,0,0,0,0,1,0,0,0,0,0,0,0,0,0,0,1,2021,38.2,0.494623655913978,0,0.304
"414",0,0,0,0,0,0,0,1,0,0,0,0,0,0,0,0,1,0,0,2021,39.3,0.423655913978495,0.0454545454545455,0.176
"415",0,0,0,0,0,0,0,1,0,0,0,0,1,0,0,0,0,0,0,2021,30.2,0.419354838709677,0.0909090909090909,0.168
"416",0,0,0,0,0,0,0,1,0,0,0,0,0,0,1,0,0,0,0,2021,31,0.410752688172043,0.136363636363636,0.512
"417",0,0,0,0,0,0,0,1,0,0,0,0,0,0,0,1,0,0,0,2021,28.7,0.331182795698925,0.0454545454545455,0.504
"418",0,0,0,0,0,0,0,1,0,0,0,0,0,1,0,0,0,0,0,2021,32.6,0.436559139784946,0,0.352
"419",0,0,0,0,0,0,0,1,0,0,0,0,0,0,0,0,0,1,0,2021,42.1,0.539784946236559,0,0.4
"420",0,0,0,0,0,0,0,1,0,0,0,0,0,0,0,0,0,0,1,2021,39.7,0.466666666666667,0.0909090909090909,0.368
"421",0,0,0,0,0,0,0,1,0,0,0,0,0,0,0,0,1,0,0,2021,45.1,0.341935483870968,0,0.192
"422",0,0,0,0,0,0,0,1,0,0,0,0,1,0,0,0,0,0,0,2021,47.8,0.425806451612903,0,0.24
"423",0,0,0,0,0,0,0,1,0,0,0,0,0,0,1,0,0,0,0,2021,39.1,0.365591397849462,0.227272727272727,0.472
"424",0,0,0,0,0,0,0,1,0,0,0,0,0,0,0,1,0,0,0,2021,39.8,0.262365591397849,0.136363636363636,0.288
"425",0,0,0,0,0,0,0,1,0,0,0,0,0,1,0,0,0,0,0,2021,22.1,0.337634408602151,0.0909090909090909,0.176
"426",0,0,0,0,0,0,0,1,0,0,0,0,0,0,0,0,0,1,0,2021,28.4,0.311827956989247,0.181818181818182,0.2
"427",0,0,0,0,0,0,0,1,0,0,0,0,0,0,0,0,0,0,1,2021,38.5,0.376344086021505,0.0909090909090909,0.272
"428",0,0,0,0,0,0,0,1,0,0,0,0,0,0,0,0,1,0,0,2021,41.4,0.238709677419355,0.0454545454545455,0.112
"429",0,0,0,0,0,0,0,1,0,0,0,0,1,0,0,0,0,0,0,2021,33.6,0.359139784946237,0,0.216
"430",0,0,0,0,0,0,0,1,0,0,0,0,0,0,1,0,0,0,0,2021,37.9,0.331182795698925,0.136363636363636,0.336
"431",0,0,0,0,0,0,0,1,0,0,0,0,0,0,0,1,0,0,0,2021,40.8,0.458064516129032,0.0454545454545455,0.464
"432",0,0,0,0,0,0,0,1,0,0,0,0,0,1,0,0,0,0,0,2021,46.2,0.580645161290323,0.0454545454545455,0.512
"433",0,0,0,0,0,0,0,1,0,0,0,0,0,0,0,0,0,1,0,2021,51.1,0.339784946236559,0,0.136
"434",0,0,0,0,0,0,0,1,0,0,0,0,0,0,0,0,0,0,1,2021,47.2,0.361290322580645,0.0454545454545455,0.168
"435",0,0,0,0,0,0,0,1,0,0,0,0,0,0,0,0,1,0,0,2021,51.9,0.286021505376344,0.0454545454545455,0.184
"436",0,0,0,0,0,0,0,1,0,0,0,0,1,0,0,0,0,0,0,2021,51.3,0.374193548387097,0,0.264
"437",0,0,0,0,0,0,0,1,0,0,0,0,0,0,1,0,0,0,0,2021,49.9,0.305376344086021,0.136363636363636,0.464
"438",0,0,0,0,0,0,0,1,0,0,0,0,0,0,0,1,0,0,0,2021,48.1,0.440860215053763,0.227272727272727,0.48
"439",0,0,0,0,0,0,0,1,0,0,0,0,0,1,0,0,0,0,0,2021,47.9,0.348387096774194,0,0.4
"440",0,0,0,0,0,0,0,1,0,0,0,0,0,0,0,0,0,1,0,2021,43.7,0.417204301075269,0.0454545454545455,0.248
"441",0,0,0,0,0,0,0,1,0,0,0,0,0,0,0,0,0,0,1,2021,51.3,0.331182795698925,0,0.096
"442",1,0,0,0,0,0,0,0,0,0,0,0,0,0,0,0,1,0,0,2021,48.2,0.602150537634409,0.0454545454545455,0.152
"443",1,0,0,0,0,0,0,0,0,0,0,0,1,0,0,0,0,0,0,2021,37.1,0.367741935483871,0.136363636363636,0.224
"444",1,0,0,0,0,0,0,0,0,0,0,0,0,0,1,0,0,0,0,2021,36.6,0.434408602150538,0.272727272727273,0.44
"445",1,0,0,0,0,0,0,0,0,0,0,0,0,0,0,1,0,0,0,2021,46.3,0.445161290322581,0.0454545454545455,0.632
"446",1,0,0,0,0,0,0,0,0,0,0,0,0,1,0,0,0,0,0,2021,45.9,0.417204301075269,0.0454545454545455,0.256
"447",1,0,0,0,0,0,0,0,0,0,0,0,0,0,0,0,0,1,0,2021,47.5,0.455913978494624,0,0.352
"448",1,0,0,0,0,0,0,0,0,0,0,0,0,0,0,0,0,0,1,2021,50.2,0.533333333333333,0.0454545454545455,0.368
"449",1,0,0,0,0,0,0,0,0,0,0,0,0,0,0,0,1,0,0,2021,47,0.320430107526882,0.0454545454545455,0.144
"450",1,0,0,0,0,0,0,0,0,0,0,0,1,0,0,0,0,0,0,2021,47.6,0.417204301075269,0.0909090909090909,0.312
"451",1,0,0,0,0,0,0,0,0,0,0,0,0,0,1,0,0,0,0,2021,44.4,0.382795698924731,0.181818181818182,0.4
"452",1,0,0,0,0,0,0,0,0,0,0,0,0,0,0,1,0,0,0,2021,48.2,0.309677419354839,0.0454545454545455,0.4
"453",1,0,0,0,0,0,0,0,0,0,0,0,0,1,0,0,0,0,0,2021,45.3,0.412903225806452,0.0454545454545455,0.296
"454",1,0,0,0,0,0,0,0,0,0,0,0,0,0,0,0,0,1,0,2021,45.5,0.391397849462366,0.0454545454545455,0.392
"455",1,0,0,0,0,0,0,0,0,0,0,0,0,0,0,0,0,0,1,2021,46.1,0.283870967741935,0,0.216
"456",1,0,0,0,0,0,0,0,0,0,0,0,0,0,0,0,1,0,0,2021,43.8,0.387096774193548,0.0454545454545455,0.232
"457",1,0,0,0,0,0,0,0,0,0,0,0,1,0,0,0,0,0,0,2021,43.8,0.406451612903226,0,0.248
"458",1,0,0,0,0,0,0,0,0,0,0,0,0,0,1,0,0,0,0,2021,42,0.387096774193548,0.227272727272727,0.504
"459",1,0,0,0,0,0,0,0,0,0,0,0,0,0,0,1,0,0,0,2021,47.2,0.253763440860215,0.0454545454545455,0.384
"460",1,0,0,0,0,0,0,0,0,0,0,0,0,1,0,0,0,0,0,2021,50.9,0.234408602150538,0,0.088
"461",1,0,0,0,0,0,0,0,0,0,0,0,0,0,0,0,0,1,0,2021,50.3,0.223655913978495,0.0454545454545455,0.04
"462",1,0,0,0,0,0,0,0,0,0,0,0,0,0,0,0,0,0,1,2021,53.4,0.260215053763441,0,0.088
"463",1,0,0,0,0,0,0,0,0,0,0,0,0,0,0,0,1,0,0,2021,43,0.335483870967742,0,0.136
"464",1,0,0,0,0,0,0,0,0,0,0,0,1,0,0,0,0,0,0,2021,45.1,0.380645161290323,0.136363636363636,0.216
"465",1,0,0,0,0,0,0,0,0,0,0,0,0,0,1,0,0,0,0,2021,51.1,0.43010752688172,0.181818181818182,0.544
"466",1,0,0,0,0,0,0,0,0,0,0,0,0,0,0,1,0,0,0,2021,47.9,0.356989247311828,0.0454545454545455,0.432
"467",1,0,0,0,0,0,0,0,0,0,0,0,0,1,0,0,0,0,0,2021,49.9,0.419354838709677,0.0454545454545455,0.288
"468",1,0,0,0,0,0,0,0,0,0,0,0,0,0,0,0,0,1,0,2021,48.1,0.587096774193548,0.0454545454545455,0.544
"469",1,0,0,0,0,0,0,0,0,0,0,0,0,0,0,0,0,0,1,2021,52.5,0.41505376344086,0.0909090909090909,0.288
"470",1,0,0,0,0,0,0,0,0,0,0,0,0,0,0,0,1,0,0,2021,50.4,0.249462365591398,0.0454545454545455,0.264
"471",1,0,0,0,0,0,0,0,0,0,0,0,1,0,0,0,0,0,0,2021,55.9,0.567741935483871,0.318181818181818,0.344
"472",0,0,0,0,0,0,0,0,1,0,0,0,0,0,1,0,0,0,0,2021,51.9,0.765591397849462,0.227272727272727,0.568
"473",0,0,0,0,0,0,0,0,1,0,0,0,0,0,0,1,0,0,0,2021,53.5,0.612903225806452,0.0909090909090909,0.8
"474",0,0,0,0,0,0,0,0,1,0,0,0,0,1,0,0,0,0,0,2021,56.3,0.468817204301075,0,0.392
"475",0,0,0,0,0,0,0,0,1,0,0,0,0,0,0,0,0,1,0,2021,51.7,0.305376344086021,0.0454545454545455,0.192
"476",0,0,0,0,0,0,0,0,1,0,0,0,0,0,0,0,0,0,1,2021,48.8,0.518279569892473,0.0454545454545455,0.488
"477",0,0,0,0,0,0,0,0,1,0,0,0,0,0,0,0,1,0,0,2021,54.3,0.354838709677419,0,0.2
"478",0,0,0,0,0,0,0,0,1,0,0,0,1,0,0,0,0,0,0,2021,51.5,0.387096774193548,0.136363636363636,0.24
"479",0,0,0,0,0,0,0,0,1,0,0,0,0,0,1,0,0,0,0,2021,48.9,0.447311827956989,0.0909090909090909,0.432
"480",0,0,0,0,0,0,0,0,1,0,0,0,0,0,0,1,0,0,0,2021,51.7,0.410752688172043,0.0454545454545455,0.6
"481",0,0,0,0,0,0,0,0,1,0,0,0,0,1,0,0,0,0,0,2021,49.8,0.410752688172043,0.0454545454545455,0.312
"482",0,0,0,0,0,0,0,0,1,0,0,0,0,0,0,0,0,1,0,2021,52.4,0.425806451612903,0.0909090909090909,0.224
"483",0,0,0,0,0,0,0,0,1,0,0,0,0,0,0,0,0,0,1,2021,53.1,0.331182795698925,0.0454545454545455,0.232
"484",0,0,0,0,0,0,0,0,1,0,0,0,0,0,0,0,1,0,0,2021,55.1,0.443010752688172,0.227272727272727,0.296
"485",0,0,0,0,0,0,0,0,1,0,0,0,1,0,0,0,0,0,0,2021,58.9,0.604301075268817,0.0909090909090909,0.376
"486",0,0,0,0,0,0,0,0,1,0,0,0,0,0,1,0,0,0,0,2021,58.9,0.582795698924731,0.181818181818182,0.552
"487",0,0,0,0,0,0,0,0,1,0,0,0,0,0,0,1,0,0,0,2021,59.1,0.488172043010753,0.318181818181818,0.608
"488",0,0,0,0,0,0,0,0,1,0,0,0,0,1,0,0,0,0,0,2021,57.5,0.561290322580645,0.0454545454545455,0.416
"489",0,0,0,0,0,0,0,0,1,0,0,0,0,0,0,0,0,1,0,2021,58.3,0.468817204301075,0.0909090909090909,0.392
"490",0,0,0,0,0,0,0,0,1,0,0,0,0,0,0,0,0,0,1,2021,62.9,0.535483870967742,0,0.248
"491",0,0,0,0,0,0,0,0,1,0,0,0,0,0,0,0,1,0,0,2021,54.4,0.509677419354839,0.0454545454545455,0.528
"492",0,0,0,0,0,0,0,0,1,0,0,0,1,0,0,0,0,0,0,2021,49.7,0.617204301075269,0.0909090909090909,0.584
"493",0,0,0,0,0,0,0,0,1,0,0,0,0,0,1,0,0,0,0,2021,55.2,0.716129032258065,0.0454545454545455,0.728
"494",0,0,0,0,0,0,0,0,1,0,0,0,0,0,0,1,0,0,0,2021,67.6,0.675268817204301,0.409090909090909,0.88
"495",0,0,0,0,0,0,0,0,1,0,0,0,0,1,0,0,0,0,0,2021,57.4,0.696774193548387,0,0.528
"496",0,0,0,0,0,0,0,0,1,0,0,0,0,0,0,0,0,1,0,2021,55.4,0.647311827956989,0,0.48
"497",0,0,0,0,0,0,0,0,1,0,0,0,0,0,0,0,0,0,1,2021,61.2,0.501075268817204,0.0454545454545455,0.544
"498",0,0,0,0,0,0,0,0,1,0,0,0,0,0,0,0,1,0,0,2021,66.1,0.365591397849462,0.227272727272727,0.096
"499",0,0,0,0,0,0,0,0,1,0,0,0,1,0,0,0,0,0,0,2021,58,0.361290322580645,0.181818181818182,0.248
"500",0,0,0,0,0,0,0,0,1,0,0,0,0,0,1,0,0,0,0,2021,47.5,0.496774193548387,0.181818181818182,0.392
"501",0,0,0,0,0,0,0,0,1,0,0,0,0,0,0,1,0,0,0,2021,49.6,0.541935483870968,0.363636363636364,0.528
"502",0,0,0,0,0,0,0,0,1,0,0,0,0,1,0,0,0,0,0,2021,57.9,0.451612903225806,0.318181818181818,0.448
"503",0,0,0,0,0,0,1,0,0,0,0,0,0,0,0,0,0,1,0,2021,59.2,0.720430107526882,0.0454545454545455,0.408
"504",0,0,0,0,0,0,1,0,0,0,0,0,0,0,0,0,0,0,1,2021,60.4,0.554838709677419,0.0909090909090909,0.408
"505",0,0,0,0,0,0,1,0,0,0,0,0,0,0,0,0,1,0,0,2021,59.2,0.619354838709677,0,0.4
"506",0,0,0,0,0,0,1,0,0,0,0,0,1,0,0,0,0,0,0,2021,60.7,0.56989247311828,0.136363636363636,0.352
"507",0,0,0,0,0,0,1,0,0,0,0,0,0,0,1,0,0,0,0,2021,61.7,0.591397849462366,0.227272727272727,0.6
"508",0,0,0,0,0,0,1,0,0,0,0,0,0,0,0,1,0,0,0,2021,70.2,0.817204301075269,0.181818181818182,0.96
"509",0,0,0,0,0,0,1,0,0,0,0,0,0,1,0,0,0,0,0,2021,65,0.675268817204301,0.0909090909090909,0.544
"510",0,0,0,0,0,0,1,0,0,0,0,0,0,0,0,0,0,1,0,2021,64.5,0.733333333333333,0.0454545454545455,0.6
"511",0,0,0,0,0,0,1,0,0,0,0,0,0,0,0,0,0,0,1,2021,68.9,0.58494623655914,0.0909090909090909,0.368
"512",0,0,0,0,0,0,1,0,0,0,0,0,0,0,0,0,1,0,0,2021,68.4,0.619354838709677,0,0.456
"513",0,0,0,0,0,0,1,0,0,0,0,0,1,0,0,0,0,0,0,2021,60.2,0.703225806451613,0.181818181818182,0.728
"514",0,0,0,0,0,0,1,0,0,0,0,0,0,0,1,0,0,0,0,2021,62.1,0.572043010752688,0.272727272727273,0.584
"515",0,0,0,0,0,0,1,0,0,0,0,0,0,0,0,1,0,0,0,2021,63.5,0.718279569892473,0.227272727272727,0.816
"516",0,0,0,0,0,0,1,0,0,0,0,0,0,1,0,0,0,0,0,2021,65.4,0.670967741935484,0.136363636363636,0.544
"517",0,0,0,0,0,0,1,0,0,0,0,0,0,0,0,0,0,1,0,2021,68,0.589247311827957,0.0454545454545455,0.432
"518",0,0,0,0,0,0,1,0,0,0,0,0,0,0,0,0,0,0,1,2021,67.9,0.546236559139785,0,0.464
"519",0,0,0,0,0,0,1,0,0,0,0,0,0,0,0,0,1,0,0,2021,64.9,0.473118279569892,0.0909090909090909,0.256
"520",0,0,0,0,0,0,1,0,0,0,0,0,1,0,0,0,0,0,0,2021,66.1,0.653763440860215,0.181818181818182,0.368
"521",0,0,0,0,0,0,1,0,0,0,0,0,0,0,1,0,0,0,0,2021,68.4,0.810752688172043,0.318181818181818,0.84
"522",0,0,0,0,0,0,1,0,0,0,0,0,0,0,0,1,0,0,0,2021,69.5,0.78494623655914,0.363636363636364,1
"523",0,0,0,0,0,0,1,0,0,0,0,0,0,1,0,0,0,0,0,2021,69.1,0.563440860215054,0.136363636363636,0.512
"524",0,0,0,0,0,0,1,0,0,0,0,0,0,0,0,0,0,1,0,2021,70.6,0.640860215053763,0.0454545454545455,0.32
"525",0,0,0,0,0,0,1,0,0,0,0,0,0,0,0,0,0,0,1,2021,65.9,0.533333333333333,0.181818181818182,0.44
"526",0,0,0,0,0,0,1,0,0,0,0,0,0,0,0,0,1,0,0,2021,63.4,0.52258064516129,0.0454545454545455,0.264
"527",0,0,0,0,0,0,1,0,0,0,0,0,1,0,0,0,0,0,0,2021,66.5,0.445161290322581,0.0909090909090909,0.312
"528",0,0,0,0,0,0,1,0,0,0,0,0,0,0,1,0,0,0,0,2021,70,0.49247311827957,0.772727272727273,0.416
"529",0,0,0,0,0,0,1,0,0,0,0,0,0,0,0,1,0,0,0,2021,70.9,0.754838709677419,0.5,0.776
"530",0,0,0,0,0,0,1,0,0,0,0,0,0,1,0,0,0,0,0,2021,72.9,0.662365591397849,0.0454545454545455,0.528
"531",0,0,0,0,0,0,1,0,0,0,0,0,0,0,0,0,0,1,0,2021,73.5,0.427956989247312,0,0.288
"532",0,0,0,0,0,0,1,0,0,0,0,0,0,0,0,0,0,0,1,2021,73.5,0.524731182795699,0.0909090909090909,0.4
"533",0,0,0,0,0,1,0,0,0,0,0,0,0,0,0,0,1,0,0,2021,73.9,0.754838709677419,0.0454545454545455,0.512
"534",0,0,0,0,0,1,0,0,0,0,0,0,1,0,0,0,0,0,0,2021,70.3,0.666666666666667,0.272727272727273,0.216
"535",0,0,0,0,0,1,0,0,0,0,0,0,0,0,1,0,0,0,0,2021,62.3,0.709677419354839,0.318181818181818,0.568
"536",0,0,0,0,0,1,0,0,0,0,0,0,0,0,0,1,0,0,0,2021,62.9,0.756989247311828,0.181818181818182,0.992
"537",0,0,0,0,0,1,0,0,0,0,0,0,0,1,0,0,0,0,0,2021,63.6,0.724731182795699,0,0.984
"538",0,0,0,0,0,1,0,0,0,0,0,0,0,0,0,0,0,1,0,2021,71.6,0.47741935483871,0,0.328
"539",0,0,0,0,0,1,0,0,0,0,0,0,0,0,0,0,0,0,1,2021,73.7,0.563440860215054,0.0909090909090909,0.48
"540",0,0,0,0,0,1,0,0,0,0,0,0,0,0,0,0,1,0,0,2021,72.5,0.524731182795699,0.136363636363636,0.2
"541",0,0,0,0,0,1,0,0,0,0,0,0,1,0,0,0,0,0,0,2021,72,0.587096774193548,0.227272727272727,0.232
"542",0,0,0,0,0,1,0,0,0,0,0,0,0,0,1,0,0,0,0,2021,71,0.604301075268817,0.272727272727273,0.672
"543",0,0,0,0,0,1,0,0,0,0,0,0,0,0,0,1,0,0,0,2021,68.9,0.425806451612903,0.363636363636364,0.536
"544",0,0,0,0,0,1,0,0,0,0,0,0,0,1,0,0,0,0,0,2021,70.5,0.520430107526882,0.181818181818182,0.336
"545",0,0,0,0,0,1,0,0,0,0,0,0,0,0,0,0,0,1,0,2021,66.3,0.6,0,0.28
"546",0,0,0,0,0,1,0,0,0,0,0,0,0,0,0,0,0,0,1,2021,69.1,0.49247311827957,0.0909090909090909,0.304
"547",0,0,0,0,0,1,0,0,0,0,0,0,0,0,0,0,1,0,0,2021,72.6,0.412903225806452,0.227272727272727,0.336
"548",0,0,0,0,0,1,0,0,0,0,0,0,1,0,0,0,0,0,0,2021,72.9,0.587096774193548,0.318181818181818,0.424
"549",0,0,0,0,0,1,0,0,0,0,0,0,0,0,1,0,0,0,0,2021,74.2,0.612903225806452,0.181818181818182,0.544
"550",0,0,0,0,0,1,0,0,0,0,0,0,0,0,0,1,0,0,0,2021,74.5,0.550537634408602,0.545454545454545,0.632
"551",0,0,0,0,0,1,0,0,0,0,0,0,0,1,0,0,0,0,0,2021,73.8,0.494623655913978,0.0454545454545455,0.416
"552",0,0,0,0,0,1,0,0,0,0,0,0,0,0,0,0,0,1,0,2021,74.3,0.520430107526882,0.0909090909090909,0.224
"553",0,0,0,0,0,1,0,0,0,0,0,0,0,0,0,0,0,0,1,2021,74.2,0.505376344086022,0.0454545454545455,0.496
"554",0,0,0,0,0,1,0,0,0,0,0,0,0,0,0,0,1,0,0,2021,73.1,0.572043010752688,0.272727272727273,0.504
"555",0,0,0,0,0,1,0,0,0,0,0,0,1,0,0,0,0,0,0,2021,73.6,0.632258064516129,0.0909090909090909,0.464
"556",0,0,0,0,0,1,0,0,0,0,0,0,0,0,1,0,0,0,0,2021,70.8,0.587096774193548,0.318181818181818,0.696
"557",0,0,0,0,0,1,0,0,0,0,0,0,0,0,0,1,0,0,0,2021,70.4,0.655913978494624,0.727272727272727,0.712
"558",0,0,0,0,0,1,0,0,0,0,0,0,0,1,0,0,0,0,0,2021,74.9,0.636559139784946,0.181818181818182,0.504
"559",0,0,0,0,0,1,0,0,0,0,0,0,0,0,0,0,0,1,0,2021,76.7,0.606451612903226,0.181818181818182,0.456
"560",0,0,0,0,0,1,0,0,0,0,0,0,0,0,0,0,0,0,1,2021,72.1,0.544086021505376,0.136363636363636,0.496
"561",0,0,0,0,0,1,0,0,0,0,0,0,0,0,0,0,1,0,0,2021,67.2,0.806451612903226,0.136363636363636,0.496
"562",0,0,0,0,0,1,0,0,0,0,0,0,1,0,0,0,0,0,0,2021,74,0.666666666666667,0.5,0.288
"563",0,0,0,0,0,1,0,0,0,0,0,0,0,0,1,0,0,0,0,2021,70,0.967741935483871,1,0.856
"564",0,1,0,0,0,0,0,0,0,0,0,0,0,0,0,1,0,0,0,2021,69.4,0.855913978494624,0.772727272727273,0.688
"565",0,1,0,0,0,0,0,0,0,0,0,0,0,1,0,0,0,0,0,2021,72.4,0.574193548387097,0.136363636363636,0.48
"566",0,1,0,0,0,0,0,0,0,0,0,0,0,0,0,0,0,1,0,2021,69.3,0.443010752688172,0.0454545454545455,0.416
"567",0,1,0,0,0,0,0,0,0,0,0,0,0,0,0,0,0,0,1,2021,68.4,0.537634408602151,0.136363636363636,0.288
"568",0,1,0,0,0,0,0,0,0,0,0,0,0,0,0,0,1,0,0,2021,72.3,0.511827956989247,0.136363636363636,0.504
"569",0,1,0,0,0,0,0,0,0,0,0,0,1,0,0,0,0,0,0,2021,72,0.535483870967742,0.227272727272727,0.424
"570",0,1,0,0,0,0,0,0,0,0,0,0,0,0,1,0,0,0,0,2021,73,0.58494623655914,0.318181818181818,0.592
"571",0,1,0,0,0,0,0,0,0,0,0,0,0,0,0,1,0,0,0,2021,75.4,0.610752688172043,0.636363636363636,0.832
"572",0,1,0,0,0,0,0,0,0,0,0,0,0,1,0,0,0,0,0,2021,72.4,0.494623655913978,0.0909090909090909,0.36
"573",0,1,0,0,0,0,0,0,0,0,0,0,0,0,0,0,0,1,0,2021,73.1,0.412903225806452,0,0.304
"574",0,1,0,0,0,0,0,0,0,0,0,0,0,0,0,0,0,0,1,2021,75.3,0.449462365591398,0.0454545454545455,0.304
"575",0,1,0,0,0,0,0,0,0,0,0,0,0,0,0,0,1,0,0,2021,75.9,0.408602150537634,0.0454545454545455,0.248
"576",0,1,0,0,0,0,0,0,0,0,0,0,1,0,0,0,0,0,0,2021,76.7,0.481720430107527,0.136363636363636,0.36
"577",0,1,0,0,0,0,0,0,0,0,0,0,0,0,1,0,0,0,0,2021,78.1,0.593548387096774,0.545454545454545,0.528
"578",0,1,0,0,0,0,0,0,0,0,0,0,0,0,0,1,0,0,0,2021,77,0.559139784946237,0.227272727272727,0.704
"579",0,1,0,0,0,0,0,0,0,0,0,0,0,1,0,0,0,0,0,2021,70.2,0.563440860215054,0.0909090909090909,0.408
"580",0,1,0,0,0,0,0,0,0,0,0,0,0,0,0,0,0,1,0,2021,69.9,0.526881720430108,0.0454545454545455,0.424
"581",0,1,0,0,0,0,0,0,0,0,0,0,0,0,0,0,0,0,1,2021,73.1,0.378494623655914,0.181818181818182,0.32
"582",0,1,0,0,0,0,0,0,0,0,0,0,0,0,0,0,1,0,0,2021,75,0.47741935483871,0.0909090909090909,0.368
"583",0,1,0,0,0,0,0,0,0,0,0,0,1,0,0,0,0,0,0,2021,77.6,0.572043010752688,0.363636363636364,0.272
"584",0,1,0,0,0,0,0,0,0,0,0,0,0,0,1,0,0,0,0,2021,75.3,0.72258064516129,0.409090909090909,0.712
"585",0,1,0,0,0,0,0,0,0,0,0,0,0,0,0,1,0,0,0,2021,75.2,0.58494623655914,0.545454545454545,0.648
"586",0,1,0,0,0,0,0,0,0,0,0,0,0,1,0,0,0,0,0,2021,75.6,0.627956989247312,0.0909090909090909,0.392
"587",0,1,0,0,0,0,0,0,0,0,0,0,0,0,0,0,0,1,0,2021,76.5,0.470967741935484,0.0454545454545455,0.368
"588",0,1,0,0,0,0,0,0,0,0,0,0,0,0,0,0,0,0,1,2021,78.2,0.486021505376344,0.0454545454545455,0.224
"589",0,1,0,0,0,0,0,0,0,0,0,0,0,0,0,0,1,0,0,2021,76.7,0.531182795698925,0.136363636363636,0.344
"590",0,1,0,0,0,0,0,0,0,0,0,0,1,0,0,0,0,0,0,2021,79.3,0.713978494623656,0.181818181818182,0.456
"591",0,1,0,0,0,0,0,0,0,0,0,0,0,0,1,0,0,0,0,2021,71.5,0.606451612903226,0.227272727272727,0.624
"592",0,1,0,0,0,0,0,0,0,0,0,0,0,0,0,1,0,0,0,2021,68.4,0.675268817204301,0.363636363636364,0.8
"593",0,1,0,0,0,0,0,0,0,0,0,0,0,1,0,0,0,0,0,2021,75.2,0.595698924731183,0.0909090909090909,0.536
"594",0,1,0,0,0,0,0,0,0,0,0,0,0,0,0,0,0,1,0,2021,77,0.544086021505376,0,0.624
"595",0,0,0,0,0,0,0,0,0,0,0,1,0,0,0,0,0,0,1,2021,73.4,0.797849462365591,0.0909090909090909,0.4
"596",0,0,0,0,0,0,0,0,0,0,0,1,0,0,0,0,1,0,0,2021,71.1,0.462365591397849,0.181818181818182,0.44
"597",0,0,0,0,0,0,0,0,0,0,0,1,1,0,0,0,0,0,0,2021,68.2,0.660215053763441,0.181818181818182,0.408
"598",0,0,0,0,0,0,0,0,0,0,0,1,0,0,1,0,0,0,0,2021,69.6,0.70752688172043,0.545454545454545,0.608
"599",0,0,0,0,0,0,0,0,0,0,0,1,0,0,0,1,0,0,0,2021,70.3,0.716129032258065,0.363636363636364,0.76
"600",0,0,0,0,0,0,0,0,0,0,0,1,0,1,0,0,0,0,0,2021,72.2,0.625806451612903,0.272727272727273,0.656
"601",0,0,0,0,0,0,0,0,0,0,0,1,0,0,0,0,0,1,0,2021,71.4,0.490322580645161,0,0.304
"602",0,0,0,0,0,0,0,0,0,0,0,1,0,0,0,0,0,0,1,2021,72.7,0.518279569892473,0.181818181818182,0.368
"603",0,0,0,0,0,0,0,0,0,0,0,1,0,0,0,0,1,0,0,2021,73.8,0.582795698924731,0.136363636363636,0.536
"604",0,0,0,0,0,0,0,0,0,0,0,1,1,0,0,0,0,0,0,2021,73,0.716129032258065,0.272727272727273,0.584
"605",0,0,0,0,0,0,0,0,0,0,0,1,0,0,1,0,0,0,0,2021,69.9,0.69247311827957,0.545454545454545,0.624
"606",0,0,0,0,0,0,0,0,0,0,0,1,0,0,0,1,0,0,0,2021,72.6,0.729032258064516,0.454545454545455,0.744
"607",0,0,0,0,0,0,0,0,0,0,0,1,0,1,0,0,0,0,0,2021,73.8,0.752688172043011,0,0.6
"608",0,0,0,0,0,0,0,0,0,0,0,1,0,0,0,0,0,1,0,2021,69.5,0.653763440860215,0.0454545454545455,0.408
"609",0,0,0,0,0,0,0,0,0,0,0,1,0,0,0,0,0,0,1,2021,72.5,0.683870967741935,0.0454545454545455,0.472
"610",0,0,0,0,0,0,0,0,0,0,0,1,0,0,0,0,1,0,0,2021,71.6,0.72258064516129,0.227272727272727,0.632
"611",0,0,0,0,0,0,0,0,0,0,0,1,1,0,0,0,0,0,0,2021,71.5,0.606451612903226,0.272727272727273,0.568
"612",0,0,0,0,0,0,0,0,0,0,0,1,0,0,1,0,0,0,0,2021,71.5,0.69247311827957,0.409090909090909,0.712
"613",0,0,0,0,0,0,0,0,0,0,0,1,0,0,0,1,0,0,0,2021,69.1,0.804301075268817,0.636363636363636,0.832
"614",0,0,0,0,0,0,0,0,0,0,0,1,0,1,0,0,0,0,0,2021,63,0.673118279569892,0.136363636363636,0.408
"615",0,0,0,0,0,0,0,0,0,0,0,1,0,0,0,0,0,1,0,2021,66.2,0.606451612903226,0.0454545454545455,0.336
"616",0,0,0,0,0,0,0,0,0,0,0,1,0,0,0,0,0,0,1,2021,69.4,0.610752688172043,0,0.192
"617",0,0,0,0,0,0,0,0,0,0,0,1,0,0,0,0,1,0,0,2021,73.3,0.604301075268817,0.0909090909090909,0.32
"618",0,0,0,0,0,0,0,0,0,0,0,1,1,0,0,0,0,0,0,2021,72.6,0.550537634408602,0.227272727272727,0.432
"619",0,0,0,0,0,0,0,0,0,0,0,1,0,0,1,0,0,0,0,2021,71.4,0.647311827956989,0.454545454545455,0.448
"620",0,0,0,0,0,0,0,0,0,0,0,1,0,0,0,1,0,0,0,2021,70,0.604301075268817,0.181818181818182,0.688
"621",0,0,0,0,0,0,0,0,0,0,0,1,0,1,0,0,0,0,0,2021,68.2,0.634408602150538,0.136363636363636,0.392
"622",0,0,0,0,0,0,0,0,0,0,0,1,0,0,0,0,0,1,0,2021,72.4,0.701075268817204,0.0454545454545455,0.464
"623",0,0,0,0,0,0,0,0,0,0,0,1,0,0,0,0,0,0,1,2021,65.4,0.660215053763441,0.0454545454545455,0.456
"624",0,0,0,0,0,0,0,0,0,0,0,1,0,0,0,0,1,0,0,2021,60.6,0.587096774193548,0.318181818181818,0.456
"625",0,0,0,0,0,0,0,0,0,0,1,0,1,0,0,0,0,0,0,2021,61.2,1,0.136363636363636,0.432
"626",0,0,0,0,0,0,0,0,0,0,1,0,0,0,1,0,0,0,0,2021,63,0.782795698924731,0.272727272727273,0.64
"627",0,0,0,0,0,0,0,0,0,0,1,0,0,0,0,1,0,0,0,2021,68.9,0.759139784946237,0.818181818181818,0.688
"628",0,0,0,0,0,0,0,0,0,0,1,0,0,1,0,0,0,0,0,2021,64.2,0.61505376344086,0.136363636363636,0.488
"629",0,0,0,0,0,0,0,0,0,0,1,0,0,0,0,0,0,1,0,2021,63.3,0.638709677419355,0.0909090909090909,0.32
"630",0,0,0,0,0,0,0,0,0,0,1,0,0,0,0,0,0,0,1,2021,64.2,0.690322580645161,0.0454545454545455,0.496
"631",0,0,0,0,0,0,0,0,0,0,1,0,0,0,0,0,1,0,0,2021,60.8,0.518279569892473,0.136363636363636,0.344
"632",0,0,0,0,0,0,0,0,0,0,1,0,1,0,0,0,0,0,0,2021,64.9,0.643010752688172,0.136363636363636,0.448
"633",0,0,0,0,0,0,0,0,0,0,1,0,0,0,1,0,0,0,0,2021,63.6,0.668817204301075,0.227272727272727,0.592
"634",0,0,0,0,0,0,0,0,0,0,1,0,0,0,0,1,0,0,0,2021,63.3,0.649462365591398,0.227272727272727,0.824
"635",0,0,0,0,0,0,0,0,0,0,1,0,0,1,0,0,0,0,0,2021,65.7,0.486021505376344,0.0454545454545455,0.416
"636",0,0,0,0,0,0,0,0,0,0,1,0,0,0,0,0,0,1,0,2021,63,0.621505376344086,0.0454545454545455,0.472
"637",0,0,0,0,0,0,0,0,0,0,1,0,0,0,0,0,0,0,1,2021,61.4,0.574193548387097,0.0909090909090909,0.336
"638",0,0,0,0,0,0,0,0,0,0,1,0,0,0,0,0,1,0,0,2021,64.8,0.567741935483871,0.136363636363636,0.472
"639",0,0,0,0,0,0,0,0,0,0,1,0,1,0,0,0,0,0,0,2021,62.7,0.627956989247312,0.181818181818182,0.352
"640",0,0,0,0,0,0,0,0,0,0,1,0,0,0,1,0,0,0,0,2021,66.9,0.572043010752688,0.181818181818182,0.488
"641",0,0,0,0,0,0,0,0,0,0,1,0,0,0,0,1,0,0,0,2021,64.9,0.612903225806452,0.363636363636364,0.656
"642",0,0,0,0,0,0,0,0,0,0,1,0,0,1,0,0,0,0,0,2021,58,0.634408602150538,0.181818181818182,0.4
"643",0,0,0,0,0,0,0,0,0,0,1,0,0,0,0,0,0,1,0,2021,56.4,0.468817204301075,0,0.352
"644",0,0,0,0,0,0,0,0,0,0,1,0,0,0,0,0,0,0,1,2021,64.8,0.56989247311828,0.0909090909090909,0.576
"645",0,0,0,0,0,0,0,0,0,0,1,0,0,0,0,0,1,0,0,2021,65.3,0.623655913978495,0.0454545454545455,0.36
"646",0,0,0,0,0,0,0,0,0,0,1,0,1,0,0,0,0,0,0,2021,67,0.582795698924731,0.0909090909090909,0.384
"647",0,0,0,0,0,0,0,0,0,0,1,0,0,0,1,0,0,0,0,2021,61,0.666666666666667,0.454545454545455,0.496
"648",0,0,0,0,0,0,0,0,0,0,1,0,0,0,0,1,0,0,0,2021,55.1,0.32258064516129,0.545454545454545,0.344
"649",0,0,0,0,0,0,0,0,0,0,1,0,0,1,0,0,0,0,0,2021,61.1,0.520430107526882,0.0454545454545455,0.256
"650",0,0,0,0,0,0,0,0,0,0,1,0,0,0,0,0,0,1,0,2021,64.6,0.63010752688172,0.136363636363636,0.28
"651",0,0,0,0,0,0,0,0,0,0,1,0,0,0,0,0,0,0,1,2021,58.9,0.567741935483871,0.0454545454545455,0.304
"652",0,0,0,0,0,0,0,0,0,0,1,0,0,0,0,0,1,0,0,2021,53.3,0.552688172043011,0.0454545454545455,0.272
"653",0,0,0,0,0,0,0,0,0,0,1,0,1,0,0,0,0,0,0,2021,54,0.58494623655914,0.363636363636364,0.368
"654",0,0,0,0,0,0,0,0,0,0,1,0,0,0,1,0,0,0,0,2021,60.1,0.604301075268817,0.545454545454545,0.472
"655",0,0,0,0,0,0,0,0,0,0,1,0,0,0,0,1,0,0,0,2021,63.1,0.681720430107527,0.590909090909091,0.848
"656",0,0,0,0,0,0,0,0,0,1,0,0,0,1,0,0,0,0,0,2021,59.3,0.705376344086021,0.181818181818182,0.304
"657",0,0,0,0,0,0,0,0,0,1,0,0,0,0,0,0,0,1,0,2021,52.6,0.572043010752688,0.0909090909090909,0.36
"658",0,0,0,0,0,0,0,0,0,1,0,0,0,0,0,0,0,0,1,2021,50,0.539784946236559,0.227272727272727,0.44
"659",0,0,0,0,0,0,0,0,0,1,0,0,0,0,0,0,1,0,0,2021,48.5,0.511827956989247,0.227272727272727,0.304
"660",0,0,0,0,0,0,0,0,0,1,0,0,1,0,0,0,0,0,0,2021,49.1,0.501075268817204,0.0909090909090909,0.24
"661",0,0,0,0,0,0,0,0,0,1,0,0,0,0,1,0,0,0,0,2021,43.1,0.632258064516129,0.181818181818182,0.48
"662",0,0,0,0,0,0,0,0,0,1,0,0,0,0,0,1,0,0,0,2021,44.6,0.651612903225806,0.454545454545455,0.568
"663",0,0,0,0,0,0,0,0,0,1,0,0,0,1,0,0,0,0,0,2021,54.9,0.683870967741935,0.0909090909090909,0.376
"664",0,0,0,0,0,0,0,0,0,1,0,0,0,0,0,0,0,1,0,2021,53.1,0.623655913978495,0,0.216
"665",0,0,0,0,0,0,0,0,0,1,0,0,0,0,0,0,0,0,1,2021,56.5,0.621505376344086,0.318181818181818,0.304
"666",0,0,0,0,0,0,0,0,0,1,0,0,0,0,0,0,1,0,0,2021,49.9,0.494623655913978,0.0909090909090909,0.208
"667",0,0,0,0,0,0,0,0,0,1,0,0,1,0,0,0,0,0,0,2021,58.3,0.449462365591398,0.227272727272727,0.072
"668",0,0,0,0,0,0,0,0,0,1,0,0,0,0,1,0,0,0,0,2021,56.4,0.541935483870968,0.363636363636364,0.272
"669",0,0,0,0,0,0,0,0,0,1,0,0,0,0,0,1,0,0,0,2021,49.4,0.483870967741935,0.590909090909091,0.264
"670",0,0,0,0,0,0,0,0,0,1,0,0,0,1,0,0,0,0,0,2021,51.4,0.552688172043011,0.0909090909090909,0.16
"671",0,0,0,0,0,0,0,0,0,1,0,0,0,0,0,0,0,1,0,2021,45.9,0.552688172043011,0.136363636363636,0.288
"672",0,0,0,0,0,0,0,0,0,1,0,0,0,0,0,0,0,0,1,2021,46.5,0.421505376344086,0,0.136
"673",0,0,0,0,0,0,0,0,0,1,0,0,0,0,0,0,1,0,0,2021,58.7,0.513978494623656,0.181818181818182,0.32
"674",0,0,0,0,0,0,0,0,0,1,0,0,1,0,0,0,0,0,0,2021,52.9,0.50752688172043,0.181818181818182,0.368
"675",0,0,0,0,0,0,0,0,0,1,0,0,0,0,1,0,0,0,0,2021,43.5,0.576344086021505,0.5,0.44
"676",0,0,0,0,0,0,0,0,0,1,0,0,0,0,0,1,0,0,0,2021,52.3,0.526881720430108,0.454545454545455,0.576
"677",0,0,0,0,0,0,0,0,0,1,0,0,0,1,0,0,0,0,0,2021,55.9,0.419354838709677,0.136363636363636,0.296
"678",0,0,0,0,0,0,0,0,0,1,0,0,0,0,0,0,0,1,0,2021,43.1,0.352688172043011,0.136363636363636,0.208
"679",0,0,0,0,0,0,0,0,0,1,0,0,0,0,0,0,0,0,1,2021,37.1,0.548387096774194,0.181818181818182,0.312
"680",0,0,0,0,0,0,0,0,0,1,0,0,0,0,0,0,1,0,0,2021,46.5,0.161290322580645,0.181818181818182,0.336
"681",0,0,0,0,0,0,0,0,0,1,0,0,1,0,0,0,0,0,0,2021,50.3,0.440860215053763,0.0909090909090909,0.248
"682",0,0,0,0,0,0,0,0,0,1,0,0,0,0,1,0,0,0,0,2021,40.7,0.453763440860215,0.318181818181818,0.208
"683",0,0,0,0,0,0,0,0,0,1,0,0,0,0,0,1,0,0,0,2021,37.8,0.496774193548387,0.454545454545455,0.536
"684",0,0,0,0,0,0,0,0,0,1,0,0,0,1,0,0,0,0,0,2021,42.5,0.561290322580645,0.181818181818182,0.296
"685",0,0,0,0,0,0,0,0,0,1,0,0,0,0,0,0,0,1,0,2021,37.1,0.49247311827957,0.0454545454545455,0.264
"686",0,0,1,0,0,0,0,0,0,0,0,0,0,0,0,0,0,0,1,2021,43.6,0.726881720430108,0.181818181818182,0.32
"687",0,0,1,0,0,0,0,0,0,0,0,0,0,0,0,0,1,0,0,2021,50.7,0.625806451612903,0.227272727272727,0.328
"688",0,0,1,0,0,0,0,0,0,0,0,0,1,0,0,0,0,0,0,2021,47.7,0.724731182795699,0.136363636363636,0.456
"689",0,0,1,0,0,0,0,0,0,0,0,0,0,0,1,0,0,0,0,2021,38.8,0.561290322580645,0.318181818181818,0.4
"690",0,0,1,0,0,0,0,0,0,0,0,0,0,0,0,1,0,0,0,2021,44.1,0.466666666666667,0.272727272727273,0.424
"691",0,0,1,0,0,0,0,0,0,0,0,0,0,1,0,0,0,0,0,2021,52.6,0.470967741935484,0.0454545454545455,0.336
"692",0,0,1,0,0,0,0,0,0,0,0,0,0,0,0,0,0,1,0,2021,46.8,0.397849462365591,0.227272727272727,0.344
"693",0,0,1,0,0,0,0,0,0,0,0,0,0,0,0,0,0,0,1,2021,39.9,0.574193548387097,0.0909090909090909,0.264
"694",0,0,1,0,0,0,0,0,0,0,0,0,0,0,0,0,1,0,0,2021,39.3,0.529032258064516,0.0909090909090909,0.296
"695",0,0,1,0,0,0,0,0,0,0,0,0,1,0,0,0,0,0,0,2021,41.5,0.548387096774194,0.136363636363636,0.304
"696",0,0,1,0,0,0,0,0,0,0,0,0,0,0,1,0,0,0,0,2021,53.4,0.451612903225806,0.363636363636364,0.112
"697",0,0,1,0,0,0,0,0,0,0,0,0,0,0,0,1,0,0,0,2021,50.9,0.548387096774194,0.363636363636364,0.464
"698",0,0,1,0,0,0,0,0,0,0,0,0,0,1,0,0,0,0,0,2021,47.9,0.574193548387097,0.0454545454545455,0.304
"699",0,0,1,0,0,0,0,0,0,0,0,0,0,0,0,0,0,1,0,2021,48.9,0.49247311827957,0.0454545454545455,0.248
"700",0,0,1,0,0,0,0,0,0,0,0,0,0,0,0,0,0,0,1,2021,42.2,0.610752688172043,0.0454545454545455,0.176
"701",0,0,1,0,0,0,0,0,0,0,0,0,0,0,0,0,1,0,0,2021,52.9,0.559139784946237,0.136363636363636,0.288
"702",0,0,1,0,0,0,0,0,0,0,0,0,1,0,0,0,0,0,0,2021,55.3,0.509677419354839,0.181818181818182,0.368
"703",0,0,1,0,0,0,0,0,0,0,0,0,0,0,1,0,0,0,0,2021,46.5,0.524731182795699,0.363636363636364,0.4
"704",0,0,1,0,0,0,0,0,0,0,0,0,0,0,0,1,0,0,0,2021,45.6,0.367741935483871,0.136363636363636,0.376
"705",0,0,1,0,0,0,0,0,0,0,0,0,0,1,0,0,0,0,0,2021,35.8,0.434408602150538,0.136363636363636,0.248
"706",0,0,1,0,0,0,0,0,0,0,0,0,0,0,0,0,0,1,0,2021,43.5,0.354838709677419,0.0454545454545455,0.296
"707",0,0,1,0,0,0,0,0,0,0,0,0,0,0,0,0,0,0,1,2021,50,0.301075268817204,0,0.184
"708",0,0,1,0,0,0,0,0,0,0,0,0,0,0,0,0,1,0,0,2021,35,0.417204301075269,0.136363636363636,0.224
"709",0,0,1,0,0,0,0,0,0,0,0,0,1,0,0,0,0,0,0,2021,31.5,0.318279569892473,0.136363636363636,0.296
"710",0,0,1,0,0,0,0,0,0,0,0,0,0,0,1,0,0,0,0,2021,42.7,0.288172043010753,0.136363636363636,0.488
"711",0,0,1,0,0,0,0,0,0,0,0,0,0,0,0,1,0,0,0,2021,42.8,0.232258064516129,0.0454545454545455,0.352
"712",0,0,1,0,0,0,0,0,0,0,0,0,0,1,0,0,0,0,0,2021,38,0.374193548387097,0.0454545454545455,0.312
"713",0,0,1,0,0,0,0,0,0,0,0,0,0,0,0,0,0,1,0,2021,43.1,0.255913978494624,0,0.048
"714",0,0,1,0,0,0,0,0,0,0,0,0,0,0,0,0,0,0,1,2021,43.9,0.348387096774194,0,0.12
"715",0,0,1,0,0,0,0,0,0,0,0,0,0,0,0,0,1,0,0,2021,47.4,0.460215053763441,0.136363636363636,0.296
"716",0,0,1,0,0,0,0,0,0,0,0,0,1,0,0,0,0,0,0,2021,48.3,0.559139784946237,0.181818181818182,0.392
