"","dow","temp","TOTAL_CRIMES","BAR_OR_TAVERN","BATTERY"
"2","Wednesday",35,0.620553359683794,0.171428571428571,0.186206896551724
"3","Thursday",39.4,0.812252964426877,0.0285714285714286,0.23448275862069
"4","Friday",39,0.845849802371542,0.142857142857143,0.186206896551724
"5","Saturday",43.8,0.891304347826087,0.314285714285714,0.655172413793103
"6","Sunday",39.7,0.638339920948617,0.371428571428571,0.448275862068966
"7","Monday",27.4,0.662055335968379,0.2,0.206896551724138
"8","Tuesday",36.3,0.711462450592885,0,0.317241379310345
"9","Wednesday",44.4,0.573122529644269,0.114285714285714,0.151724137931034
"10","Thursday",34.9,0.681818181818182,0.171428571428571,0.241379310344828
"11","Friday",28.6,0.875494071146245,0.257142857142857,0.268965517241379
"12","Saturday",23.1,0.656126482213439,0.628571428571429,0.317241379310345
"13","Sunday",26,0.458498023715415,0.342857142857143,0.358620689655172
"14","Monday",32.8,0.58102766798419,0.0857142857142857,0.227586206896552
"15","Tuesday",29.4,0.705533596837945,0.0285714285714286,0.317241379310345
"16","Wednesday",31.3,0.709486166007905,0.0571428571428571,0.206896551724138
"17","Thursday",29.4,0.616600790513834,0.0285714285714286,0.2
"18","Friday",33.2,0.646245059288538,0.314285714285714,0.248275862068966
"19","Saturday",34.5,0.357707509881423,0.514285714285714,0.2
"20","Sunday",43.2,0.300395256916996,0.4,0.213793103448276
"21","Monday",13.7,0.424901185770751,0.0571428571428571,0
"22","Tuesday",15.8,0.563241106719368,0.0571428571428571,0.227586206896552
"23","Wednesday",31.6,0.634387351778656,0,0.131034482758621
"24","Thursday",46.5,0.525691699604743,0.142857142857143,0.220689655172414
"25","Friday",37,0.484189723320158,0.171428571428571,0.213793103448276
"26","Saturday",30.5,0.377470355731225,0.342857142857143,0.193103448275862
"27","Sunday",35.1,0.361660079051383,0.371428571428571,0.172413793103448
"28","Monday",35.7,0.355731225296443,0.0857142857142857,0.213793103448276
"29","Tuesday",33.8,0.302371541501976,0.0857142857142857,0.0413793103448276
"30","Wednesday",36.8,0,0.0285714285714286,0.0344827586206897
"31","Thursday",15.7,0.233201581027668,0,0.0275862068965517
"32","Friday",17.6,0.859683794466403,0.171428571428571,0.0827586206896552
"33","Saturday",23.5,0.75296442687747,0.314285714285714,0.331034482758621
"34","Sunday",35.4,0.50395256916996,0.457142857142857,0.413793103448276
"35","Monday",39.7,0.780632411067194,0.142857142857143,0.351724137931034
"36","Tuesday",43,0.616600790513834,0.0571428571428571,0.179310344827586
"37","Wednesday",39.1,0.58300395256917,0,0.296551724137931
"38","Thursday",39.1,0.650197628458498,0.0571428571428571,0.303448275862069
"39","Friday",40.6,0.594861660079051,0.171428571428571,0.144827586206897
"40","Saturday",31.5,0.820158102766798,0.628571428571429,0.413793103448276
"41","Sunday",28.7,0.58695652173913,0.742857142857143,0.441379310344828
"42","Monday",30.7,0.563241106719368,0.0857142857142857,0.158620689655172
"43","Tuesday",29.4,0.640316205533597,0.114285714285714,0.262068965517241
"44","Wednesday",41.1,0.596837944664032,0.0285714285714286,0.262068965517241
"45","Thursday",35.5,0.792490118577075,0.0857142857142857,0.524137931034483
"46","Friday",39.8,0.790513833992095,0.171428571428571,0.289655172413793
"47","Saturday",41.1,0.66403162055336,0.257142857142857,0.455172413793103
"48","Sunday",30.9,0.547430830039526,0.4,0.482758620689655
"49","Monday",32.8,0.492094861660079,0.0857142857142857,0.220689655172414
"50","Tuesday",25.9,0.537549407114625,0.0571428571428571,0.137931034482759
"51","Wednesday",26.7,0.58102766798419,0.0285714285714286,0.255172413793103
"52","Thursday",36.8,0.701581027667984,0.114285714285714,0.303448275862069
"53","Friday",38.3,0.733201581027668,0.142857142857143,0.296551724137931
"54","Saturday",34.8,0.604743083003953,0.571428571428571,0.303448275862069
"55","Sunday",40.5,0.407114624505929,0.342857142857143,0.275862068965517
"56","Monday",38.7,0.505928853754941,0.114285714285714,0.213793103448276
"57","Tuesday",29.2,0.529644268774704,0,0.227586206896552
"58","Wednesday",21.6,0.608695652173913,0.0285714285714286,0.23448275862069
"59","Thursday",26,0.50197628458498,0.0857142857142857,0.137931034482759
"60","Friday",26.7,0.820158102766798,0.171428571428571,0.131034482758621
"61","Saturday",35.1,0.640316205533597,0.228571428571429,0.406896551724138
"62","Sunday",34.5,0.41501976284585,0.314285714285714,0.351724137931034
"63","Monday",37.9,0.401185770750988,0.0285714285714286,0.2
"64","Tuesday",28.2,0.397233201581028,0.0285714285714286,0.0827586206896552
"65","Wednesday",25.4,0.569169960474308,0.0571428571428571,0.206896551724138
"66","Thursday",22.1,0.531620553359684,0.2,0.227586206896552
"67","Friday",27.2,0.745059288537549,0.171428571428571,0.372413793103448
"68","Saturday",35.1,0.545454545454545,0.142857142857143,0.468965517241379
"69","Sunday",36.8,0.535573122529644,0.428571428571429,0.427586206896552
"70","Monday",41.7,0.709486166007905,0.0857142857142857,0.337931034482759
"71","Tuesday",38.6,0.565217391304348,0.0571428571428571,0.172413793103448
"72","Wednesday",34.5,0.685770750988142,0.0285714285714286,0.372413793103448
"73","Thursday",39,0.662055335968379,0.0285714285714286,0.317241379310345
"74","Friday",45.3,0.778656126482213,0.142857142857143,0.4
"75","Saturday",46.9,0.839920948616601,1,0.827586206896552
"76","Sunday",36.3,0.535573122529644,0.628571428571429,0.43448275862069
"77","Monday",34.5,0.612648221343874,0.171428571428571,0.420689655172414
"78","Tuesday",35.2,0.598814229249012,0,0.351724137931034
"79","Wednesday",36.9,0.695652173913043,0.0571428571428571,0.16551724137931
"80","Thursday",40.7,0.687747035573123,0.0857142857142857,0.427586206896552
"81","Friday",42.3,0.727272727272727,0.171428571428571,0.406896551724138
"82","Saturday",39.3,0.689723320158103,0.571428571428571,0.572413793103448
"83","Sunday",39.1,0.606719367588933,0.485714285714286,0.455172413793103
"84","Monday",42.5,0.588932806324111,0.0571428571428571,0.248275862068966
"85","Tuesday",36.9,0.654150197628458,0,0.248275862068966
"86","Wednesday",34.4,0.705533596837945,0.0285714285714286,0.379310344827586
"87","Thursday",36.3,0.675889328063241,0.0857142857142857,0.475862068965517
"88","Friday",44.4,0.660079051383399,0.142857142857143,0.420689655172414
"89","Saturday",46.1,0.636363636363636,0.257142857142857,0.386206896551724
"90","Sunday",49.2,0.58498023715415,0.685714285714286,0.627586206896552
"91","Monday",41.8,0.895256916996047,0.0857142857142857,0.420689655172414
"92","Tuesday",37.1,0.624505928853755,0.0857142857142857,0.255172413793103
"93","Wednesday",43.7,0.6699604743083,0,0.268965517241379
"94","Thursday",44.5,0.636363636363636,0.0285714285714286,0.379310344827586
"95","Friday",39.4,0.719367588932806,0.114285714285714,0.303448275862069
"96","Saturday",46.3,0.794466403162055,0.428571428571429,0.606896551724138
"97","Sunday",45.3,0.715415019762846,0.314285714285714,0.620689655172414
"98","Monday",46.2,0.796442687747036,0.114285714285714,0.517241379310345
"99","Tuesday",41.4,0.695652173913043,0.0571428571428571,0.427586206896552
"100","Wednesday",41.8,0.628458498023715,0.0285714285714286,0.096551724137931
"101","Thursday",40.3,0.800395256916996,0.0285714285714286,0.310344827586207
"102","Friday",43.8,0.867588932806324,0.142857142857143,0.186206896551724
"103","Saturday",49.7,0.816205533596838,0.371428571428571,0.468965517241379
"104","Sunday",50.8,0.385375494071146,0.371428571428571,0.317241379310345
"105","Monday",52,0.756916996047431,0.0571428571428571,0.220689655172414
"106","Tuesday",47.1,0.725296442687747,0.0857142857142857,0.441379310344828
"107","Wednesday",47.5,0.693675889328063,0.0571428571428571,0.289655172413793
"108","Thursday",43.7,0.567193675889328,0,0.303448275862069
"109","Friday",53.7,0.610671936758893,0.142857142857143,0.213793103448276
"110","Saturday",54.5,0.768774703557312,0.485714285714286,0.544827586206897
"111","Sunday",52.2,0.600790513833992,0.228571428571429,0.710344827586207
"112","Monday",52.1,0.782608695652174,0.142857142857143,0.427586206896552
"113","Tuesday",48.8,0.794466403162055,0.0285714285714286,0.351724137931034
"114","Wednesday",51.5,0.713438735177866,0.0857142857142857,0.275862068965517
"115","Thursday",47.7,0.841897233201581,0,0.462068965517241
"116","Friday",46.8,0.83201581027668,0.257142857142857,0.358620689655172
"117","Saturday",52.9,0.569169960474308,0.114285714285714,0.4
"118","Sunday",46.9,0.523715415019763,0.314285714285714,0.441379310344828
"119","Monday",47.8,0.743083003952569,0.0857142857142857,0.275862068965517
"120","Tuesday",45.6,0.766798418972332,0.0857142857142857,0.393103448275862
"121","Wednesday",46.9,0.940711462450593,0.0285714285714286,0.351724137931034
"122","Thursday",49.4,0.707509881422925,0.0571428571428571,0.289655172413793
"123","Friday",47.3,0.889328063241107,0.2,0.36551724137931
"124","Saturday",51.3,0.707509881422925,0.371428571428571,0.544827586206897
"125","Sunday",46.9,0.865612648221344,0.428571428571429,0.758620689655172
"126","Monday",48.1,0.891304347826087,0.0571428571428571,0.510344827586207
"127","Tuesday",48.3,0.709486166007905,0.114285714285714,0.386206896551724
"128","Wednesday",53,0.826086956521739,0.142857142857143,0.620689655172414
"129","Thursday",47.7,0.782608695652174,0.0571428571428571,0.413793103448276
"130","Friday",48.4,0.903162055335968,0.142857142857143,0.56551724137931
"131","Saturday",56.8,0.701581027667984,0.257142857142857,0.351724137931034
"132","Sunday",45.7,0.573122529644269,0.4,0.420689655172414
"133","Monday",46.1,0.887351778656126,0.142857142857143,0.551724137931034
"134","Tuesday",44.9,0.74901185770751,0,0.468965517241379
"135","Wednesday",48.5,0.837944664031621,0.0285714285714286,0.462068965517241
"136","Thursday",53.3,0.788537549407115,0.0857142857142857,0.379310344827586
"137","Friday",52.3,0.857707509881423,0.0571428571428571,0.524137931034483
"138","Saturday",56.7,0.822134387351779,0.4,0.641379310344828
"139","Sunday",52,0.857707509881423,0.371428571428571,0.827586206896552
"140","Monday",57.2,0.924901185770751,0.0571428571428571,0.482758620689655
"141","Tuesday",58.9,0.764822134387352,0,0.379310344827586
"142","Wednesday",56.7,0.851778656126482,0.0285714285714286,0.531034482758621
"143","Thursday",52.5,0.851778656126482,0.142857142857143,0.641379310344828
"144","Friday",59.3,1,0.314285714285714,0.56551724137931
"146","Sunday",57.6,0.960474308300395,0.4,0.889655172413793
"147","Monday",62.1,0.800395256916996,0.142857142857143,0.551724137931034
"148","Tuesday",51.6,0.802371541501976,0.0857142857142857,0.379310344827586
"149","Wednesday",54.6,0.784584980237154,0.0285714285714286,0.420689655172414
"150","Thursday",51.3,0.800395256916996,0.0571428571428571,0.406896551724138
"151","Friday",58.2,0.968379446640316,0.0571428571428571,0.56551724137931
"153","Sunday",56.9,0.778656126482213,0.257142857142857,0.689655172413793
"154","Monday",60.4,0.721343873517787,0.0285714285714286,0.268965517241379
"155","Tuesday",58.5,0.851778656126482,0,0.558620689655172
"156","Wednesday",59.8,0.887351778656126,0.0571428571428571,0.455172413793103
"157","Thursday",62,0.790513833992095,0.0571428571428571,0.475862068965517
"158","Friday",59.8,0.952569169960474,0.228571428571429,0.620689655172414
"160","Sunday",57.7,0.91699604743083,0.428571428571429,0.703448275862069
"161","Monday",59.4,0.905138339920949,0.114285714285714,0.496551724137931
"162","Tuesday",63.7,0.861660079051383,0.0285714285714286,0.572413793103448
"163","Wednesday",62.9,0.739130434782609,0.114285714285714,0.427586206896552
"164","Thursday",56.7,0.711462450592885,0.0857142857142857,0.386206896551724
"165","Friday",61.7,0.91897233201581,0.0571428571428571,0.606896551724138
"166","Saturday",62.7,0.970355731225296,0.485714285714286,0.655172413793103
"167","Sunday",62.8,0.75098814229249,0.571428571428571,0.744827586206897
"168","Monday",66,0.812252964426877,0.142857142857143,0.420689655172414
"169","Tuesday",60.4,0.741106719367589,0.0285714285714286,0.455172413793103
"170","Wednesday",62.3,0.922924901185771,0.171428571428571,0.420689655172414
"171","Thursday",61,0.774703557312253,0.0285714285714286,0.289655172413793
"172","Friday",63.2,0.865612648221344,0.371428571428571,0.344827586206897
"173","Saturday",64.7,0.956521739130435,0.485714285714286,0.593103448275862
"174","Sunday",65.7,0.924901185770751,0.485714285714286,0.758620689655172
"175","Monday",68.5,0.926877470355731,0.2,0.524137931034483
"176","Tuesday",61.5,0.875494071146245,0.142857142857143,0.310344827586207
"177","Wednesday",67.3,0.903162055335968,0.0857142857142857,0.468965517241379
"178","Thursday",61.4,0.808300395256917,0.0571428571428571,0.386206896551724
"179","Friday",66.8,1,0.2,0.558620689655172
"181","Sunday",69.3,0.91501976284585,0.285714285714286,1
"183","Tuesday",67.9,0.845849802371542,0.0571428571428571,0.420689655172414
"184","Wednesday",70.2,0.920948616600791,0.142857142857143,0.344827586206897
"185","Thursday",66.6,0.905138339920949,0.142857142857143,0.924137931034483
"187","Saturday",68.9,0.938735177865613,0.2,0.731034482758621
"188","Sunday",69,0.857707509881423,0.4,0.882758620689655
"189","Monday",64.9,0.972332015810277,0.142857142857143,0.413793103448276
"190","Tuesday",69,0.794466403162055,0.0571428571428571,0.420689655172414
"191","Wednesday",71.5,0.980237154150198,0.0571428571428571,0.503448275862069
"192","Thursday",66.8,0.837944664031621,0.142857142857143,0.593103448275862
"193","Friday",70.8,0.883399209486166,0.2,0.468965517241379
"195","Sunday",71.8,0.887351778656126,0.2,0.903448275862069
"196","Monday",73.1,0.950592885375494,0.0285714285714286,0.331034482758621
"197","Tuesday",70.3,0.818181818181818,0.0285714285714286,0.517241379310345
"198","Wednesday",70.9,0.91304347826087,0.0571428571428571,0.303448275862069
"199","Thursday",71.4,0.828063241106719,0.0857142857142857,0.441379310344828
"200","Friday",69.2,0.911067193675889,0.114285714285714,0.572413793103448
"201","Saturday",76.2,0.960474308300395,0.428571428571429,0.56551724137931
"202","Sunday",76.7,0.855731225296443,0.457142857142857,0.855172413793103
"203","Monday",76.5,0.887351778656126,0.0285714285714286,0.296551724137931
"204","Tuesday",70.4,0.883399209486166,0.0571428571428571,0.282758620689655
"205","Wednesday",66.1,0.798418972332016,0.114285714285714,0.206896551724138
"206","Thursday",69.5,0.907114624505929,0,0.379310344827586
"207","Friday",67.1,0.938735177865613,0.228571428571429,0.4
"208","Saturday",67.1,0.958498023715415,0.342857142857143,0.737931034482759
"209","Sunday",66.9,0.972332015810277,0.228571428571429,0.83448275862069
"210","Monday",72.8,0.936758893280632,0,0.572413793103448
"211","Tuesday",73,0.861660079051383,0.142857142857143,0.358620689655172
"212","Wednesday",72.9,0.735177865612648,0.0571428571428571,0.310344827586207
"216","Sunday",73.3,0.990118577075099,0.8,0.83448275862069
"217","Monday",70.2,0.924901185770751,0,0.503448275862069
"218","Tuesday",68.9,0.875494071146245,0.0285714285714286,0.441379310344828
"219","Wednesday",70.2,0.865612648221344,0.0857142857142857,0.351724137931034
"220","Thursday",73.3,0.946640316205534,0.0571428571428571,0.482758620689655
"221","Friday",73.7,0.899209486166008,0.142857142857143,0.496551724137931
"222","Saturday",71.2,0.907114624505929,0.228571428571429,0.710344827586207
"223","Sunday",68.8,0.911067193675889,0.342857142857143,0.710344827586207
"224","Monday",71.2,0.727272727272727,0,0.379310344827586
"225","Tuesday",71.2,0.83201581027668,0.0285714285714286,0.206896551724138
"226","Wednesday",71.1,0.893280632411067,0.0285714285714286,0.379310344827586
"227","Thursday",68.6,0.934782608695652,0.371428571428571,0.379310344827586
"228","Friday",66.6,0.855731225296443,0.228571428571429,0.303448275862069
"229","Saturday",67.5,0.928853754940711,0.257142857142857,0.696551724137931
"230","Sunday",71.2,0.826086956521739,0.314285714285714,0.793103448275862
"231","Monday",73.3,0.881422924901186,0.142857142857143,0.344827586206897
"232","Tuesday",75.5,0.772727272727273,0,0.344827586206897
"233","Wednesday",70.6,0.75296442687747,0.0857142857142857,0.227586206896552
"234","Thursday",74.6,0.816205533596838,0.142857142857143,0.393103448275862
"235","Friday",72,0.869565217391304,0.114285714285714,0.331034482758621
"236","Saturday",68.3,0.942687747035573,0.2,0.682758620689655
"237","Sunday",65.5,0.841897233201581,0.0857142857142857,0.882758620689655
"238","Monday",64.3,0.768774703557312,0.0571428571428571,0.324137931034483
"239","Tuesday",60.4,0.772727272727273,0.0571428571428571,0.344827586206897
"240","Wednesday",65.4,0.814229249011858,0.0571428571428571,0.344827586206897
"241","Thursday",71,0.853754940711462,0.0571428571428571,0.420689655172414
"242","Friday",68,0.841897233201581,0.0857142857142857,0.406896551724138
"243","Saturday",70.3,0.857707509881423,0.342857142857143,0.503448275862069
"245","Monday",64.9,0.861660079051383,0.0571428571428571,0.606896551724138
"246","Tuesday",70,0.6699604743083,0.0285714285714286,0.2
"247","Wednesday",66.6,0.675889328063241,0.0571428571428571,0.241379310344828
"248","Thursday",67.7,0.608695652173913,0.0285714285714286,0.303448275862069
"249","Friday",59.3,0.853754940711462,0.257142857142857,0.379310344827586
"250","Saturday",62.1,0.782608695652174,0.228571428571429,0.586206896551724
"251","Sunday",66,0.74901185770751,0.2,0.689655172413793
"252","Monday",63.9,0.863636363636364,0.0285714285714286,0.406896551724138
"253","Tuesday",62.8,0.74901185770751,0.0285714285714286,0.441379310344828
"254","Wednesday",68.3,0.808300395256917,0.0285714285714286,0.468965517241379
"255","Thursday",65.4,0.877470355731225,0.0857142857142857,0.468965517241379
"256","Friday",59.6,0.940711462450593,0.257142857142857,0.696551724137931
"257","Saturday",60.7,0.83596837944664,0.457142857142857,0.572413793103448
"258","Sunday",68.2,0.877470355731225,0.342857142857143,0.744827586206897
"259","Monday",65.4,0.91897233201581,0.0285714285714286,0.43448275862069
"260","Tuesday",61.5,0.869565217391304,0.0857142857142857,0.468965517241379
"261","Wednesday",56,0.822134387351779,0,0.413793103448276
"262","Thursday",57.3,0.885375494071146,0.0571428571428571,0.43448275862069
"263","Friday",58.8,0.938735177865613,0.257142857142857,0.496551724137931
"264","Saturday",67,0.822134387351779,0.342857142857143,0.503448275862069
"265","Sunday",64.6,0.622529644268775,0.4,0.503448275862069
"266","Monday",68.5,0.839920948616601,0,0.358620689655172
"267","Tuesday",68.6,0.822134387351779,0.0857142857142857,0.351724137931034
"268","Wednesday",63.8,0.735177865612648,0.0857142857142857,0.310344827586207
"269","Thursday",64.7,0.727272727272727,0.0285714285714286,0.406896551724138
"270","Friday",63.5,0.646245059288538,0.2,0.310344827586207
"271","Saturday",63.8,0.709486166007905,0.285714285714286,0.393103448275862
"272","Sunday",66.9,0.735177865612648,0.4,0.586206896551724
"273","Monday",56.3,0.814229249011858,0.0571428571428571,0.241379310344828
"275","Wednesday",67.6,0.768774703557312,0.114285714285714,0.275862068965517
"276","Thursday",55.3,0.768774703557312,0.0571428571428571,0.186206896551724
"277","Friday",57.4,0.741106719367589,0.2,0.310344827586207
"278","Saturday",51.9,0.754940711462451,0.314285714285714,0.427586206896552
"279","Sunday",52,0.650197628458498,0.371428571428571,0.337931034482759
"280","Monday",66.9,0.800395256916996,0.142857142857143,0.43448275862069
"281","Tuesday",61.3,0.733201581027668,0.0285714285714286,0.351724137931034
"282","Wednesday",56.9,0.776679841897233,0,0.268965517241379
"283","Thursday",54.5,0.604743083003953,0.0857142857142857,0.179310344827586
"284","Friday",55.5,0.764822134387352,0.0285714285714286,0.248275862068966
"285","Saturday",56.2,0.772727272727273,0.2,0.296551724137931
"286","Sunday",57.6,0.703557312252964,0.314285714285714,0.531034482758621
"287","Monday",57.7,0.681818181818182,0.0857142857142857,0.213793103448276
"288","Tuesday",56.7,0.796442687747036,0.0285714285714286,0.220689655172414
"289","Wednesday",51.5,0.790513833992095,0.142857142857143,0.303448275862069
"290","Thursday",58.2,0.662055335968379,0.114285714285714,0.227586206896552
"291","Friday",55,0.717391304347826,0.114285714285714,0.23448275862069
"292","Saturday",50.5,0.745059288537549,0.228571428571429,0.696551724137931
"293","Sunday",49.3,0.74901185770751,0.228571428571429,0.531034482758621
"294","Monday",55.2,0.733201581027668,0.0857142857142857,0.420689655172414
"295","Tuesday",56.3,0.630434782608696,0,0.268965517241379
"296","Wednesday",61.4,0.709486166007905,0,0.248275862068966
"297","Thursday",55.5,0.741106719367589,0.0285714285714286,0.2
"298","Friday",55.9,0.810276679841897,0.171428571428571,0.427586206896552
"299","Saturday",55.2,0.430830039525692,0.628571428571429,0.317241379310345
"300","Sunday",53.4,0.711462450592885,0.628571428571429,0.531034482758621
"301","Monday",56,0.630434782608696,0.171428571428571,0.372413793103448
"302","Tuesday",55.1,0.58102766798419,0.0857142857142857,0.2
"303","Wednesday",57.8,0.468379446640316,0.0857142857142857,0.158620689655172
"304","Thursday",62.5,0.490118577075099,0.285714285714286,0.144827586206897
"306","Saturday",47,0.638339920948617,0.542857142857143,0.441379310344828
"307","Sunday",51,0.75098814229249,0.371428571428571,0.593103448275862
"308","Monday",48.1,0.654150197628458,0.0285714285714286,0.393103448275862
"309","Tuesday",56.6,0.58300395256917,0.0285714285714286,0.206896551724138
"310","Wednesday",51.5,0.632411067193676,0.0571428571428571,0.268965517241379
"311","Thursday",51.4,0.638339920948617,0.171428571428571,0.227586206896552
"312","Friday",42.7,0.6699604743083,0.0285714285714286,0.241379310344828
"313","Saturday",35.3,0.729249011857708,0.285714285714286,0.379310344827586
"314","Sunday",48.3,0.614624505928854,0.257142857142857,0.531034482758621
"315","Monday",51.5,0.302371541501976,0.0571428571428571,0
"316","Tuesday",53.9,0.407114624505929,0.0285714285714286,0.0413793103448276
"317","Wednesday",29,0.468379446640316,0.0857142857142857,0.110344827586207
"318","Thursday",35,0.468379446640316,0.0285714285714286,0.0551724137931034
"319","Friday",49.3,0.824110671936759,0.142857142857143,0.372413793103448
"320","Saturday",39.7,0.638339920948617,0.114285714285714,0.386206896551724
"321","Sunday",41.5,0.713438735177866,0.457142857142857,0.524137931034483
"322","Monday",48.4,0.675889328063241,0.0285714285714286,0.282758620689655
"323","Tuesday",46.5,0.683794466403162,0,0.220689655172414
"324","Wednesday",44.8,0.766798418972332,0,0.413793103448276
"325","Thursday",43.3,0.634387351778656,0.0857142857142857,0.268965517241379
"326","Friday",48.1,0.762845849802372,0.114285714285714,0.310344827586207
"327","Saturday",40.4,0.713438735177866,0.514285714285714,0.4
"328","Sunday",50.2,0.705533596837945,0.342857142857143,0.448275862068966
"329","Monday",45.4,0.697628458498024,0,0.144827586206897
"330","Tuesday",46.5,0.66600790513834,0,0.441379310344828
"331","Wednesday",48.5,0.58498023715415,0.0571428571428571,0.117241379310345
"332","Thursday",47.2,0.3300395256917,0.0571428571428571,0.337931034482759
"333","Friday",40.5,0.608695652173913,0.2,0.358620689655172
"334","Saturday",35,0.636363636363636,0.4,0.296551724137931
"335","Sunday",36.7,0.756916996047431,0.285714285714286,0.386206896551724
"336","Monday",44.8,0.727272727272727,0.0571428571428571,0.2
"337","Tuesday",39.9,0.689723320158103,0.114285714285714,0.220689655172414
"338","Wednesday",36.6,0.800395256916996,0.0857142857142857,0.303448275862069
"339","Thursday",39.6,0.709486166007905,0.0285714285714286,0.36551724137931
"340","Friday",38.3,0.780632411067194,0.171428571428571,0.324137931034483
"341","Saturday",36.4,0.709486166007905,0.2,0.379310344827586
"342","Sunday",31.8,0.652173913043478,0.257142857142857,0.551724137931034
"343","Monday",48.2,0.719367588932806,0.0571428571428571,0.255172413793103
"344","Tuesday",53.1,0.660079051383399,0.0571428571428571,0.158620689655172
"345","Wednesday",39.9,0.523715415019763,0.0285714285714286,0.137931034482759
"346","Thursday",31.1,0.622529644268775,0.171428571428571,0.16551724137931
"347","Friday",38.7,0.772727272727273,0.371428571428571,0.406896551724138
"348","Saturday",52.7,0.673913043478261,0.457142857142857,0.489655172413793
"349","Sunday",47.7,0.620553359683794,0.428571428571429,0.406896551724138
"350","Monday",35.4,0.559288537549407,0.0857142857142857,0.268965517241379
"351","Tuesday",37.5,0.650197628458498,0.0571428571428571,0.372413793103448
"352","Wednesday",39.3,0.616600790513834,0.142857142857143,0.36551724137931
"353","Thursday",24.2,0.675889328063241,0.0857142857142857,0.262068965517241
"354","Friday",24.2,0.760869565217391,0.228571428571429,0.2
"355","Saturday",33.3,0.802371541501976,0.4,0.462068965517241
"356","Sunday",41.3,0.671936758893281,0.428571428571429,0.296551724137931
"357","Monday",44.3,0.691699604743083,0.142857142857143,0.213793103448276
"358","Tuesday",42.8,0.559288537549407,0.0571428571428571,0.262068965517241
"359","Wednesday",35.6,0.33596837944664,0.0285714285714286,0.482758620689655
"360","Thursday",35.9,0.531620553359684,0,0.255172413793103
"361","Friday",40.1,0.695652173913043,0.0857142857142857,0.16551724137931
"362","Saturday",44.5,0.588932806324111,0.171428571428571,0.262068965517241
"363","Sunday",38.4,0.687747035573123,0.285714285714286,0.537931034482759
"364","Monday",39.6,0.543478260869565,0.257142857142857,0.2
"365","Tuesday",44.7,0.411067193675889,0.2,0.289655172413793
"732","Friday",39.6,0.83010752688172,0.181818181818182,0.744
"733","Saturday",47.4,0.245161290322581,0.0454545454545455,0.16
"734","Sunday",41.1,0.387096774193548,0,0.352
"735","Monday",41.2,0.421505376344086,0,0.16
"736","Tuesday",38.7,0.440860215053763,0,0.12
"737","Wednesday",37.4,0.318279569892473,0,0
"738","Thursday",36.5,0.520430107526882,0.0454545454545455,0.184
"739","Friday",33.3,0.544086021505376,0.0909090909090909,0.16
"740","Saturday",32.9,0.341935483870968,0.0454545454545455,0.288
"741","Sunday",35.6,0.479569892473118,0,0.256
"742","Monday",32.6,0.331182795698925,0,0.032
"743","Tuesday",37,0.496774193548387,0,0.136
"744","Wednesday",35.8,0.387096774193548,0,0.112
"745","Thursday",41.3,0.427956989247312,0,0.032
"746","Friday",41.3,0.531182795698925,0.0909090909090909,0.192
"747","Saturday",45.4,0.32258064516129,0,0.344
"748","Sunday",40.8,0.436559139784946,0.0909090909090909,0.328
"749","Monday",42.6,0.296774193548387,0,0.032
"750","Tuesday",35.8,0.402150537634409,0,0.232
"751","Wednesday",34.7,0.432258064516129,0,0.104
"752","Thursday",30.9,0.548387096774194,0,0.232
"753","Friday",36.5,0.395698924731183,0.0909090909090909,0.16
"754","Saturday",32.2,0.408602150537634,0.0909090909090909,0.504
"755","Sunday",24.7,0.372043010752688,0.0909090909090909,0.328
"756","Monday",26.6,0.438709677419355,0,0.184
"757","Tuesday",31.9,0.221505376344086,0,0.096
"758","Wednesday",34.6,0.389247311827957,0,0.032
"759","Thursday",35.3,0.309677419354839,0,0.032
"760","Friday",18.1,0.335483870967742,0,0.328
"761","Saturday",19.2,0.268817204301075,0,0.304
"762","Sunday",22.2,0.010752688172043,0.0909090909090909,0.16
"763","Monday",33.7,0.436559139784946,0,0.176
"764","Tuesday",41.8,0.361290322580645,0,0.28
"765","Wednesday",34.1,0.352688172043011,0.0909090909090909,0.08
"766","Thursday",33.3,0.212903225806452,0.0454545454545455,0.136
"767","Friday",37.2,0.313978494623656,0.0454545454545455,0.152
"768","Saturday",38.9,0.141935483870968,0.0454545454545455,0.36
"769","Sunday",35.1,0.101075268817204,0.0909090909090909,0.296
"770","Monday",27.6,0.167741935483871,0,0.056
"771","Tuesday",26.1,0.221505376344086,0.0454545454545455,0
"772","Wednesday",29.4,0.189247311827957,0,0.024
"773","Thursday",26.2,0.217204301075269,0.0454545454545455,0.184
"774","Friday",22.5,0.32258064516129,0,0.088
"775","Saturday",27.6,0.180645161290323,0.0909090909090909,0.176
"776","Sunday",34,0.146236559139785,0.0909090909090909,0.256
"777","Monday",37,0,0,0.136
"778","Tuesday",42.7,0.0645161290322581,0.0454545454545455,0.088
"779","Wednesday",32.6,0.212903225806452,0,0.016
"780","Thursday",29.2,0.236559139784946,0,0.064
"781","Friday",33.1,0.335483870967742,0.0909090909090909,0.192
"782","Saturday",31.5,0.29247311827957,0.0454545454545455,0.224
"783","Sunday",26.8,0.273118279569892,0.0454545454545455,0.288
"784","Monday",32.4,0.339784946236559,0.136363636363636,0.152
"785","Tuesday",38.5,0.451612903225806,0,0.248
"786","Wednesday",39.9,0.395698924731183,0.0454545454545455,0.192
"787","Thursday",42.9,0.423655913978495,0.0909090909090909,0.264
"788","Friday",34.7,0.505376344086022,0.0454545454545455,0.208
"789","Saturday",39.1,0.496774193548387,0,0.408
"790","Sunday",41.6,0.490322580645161,0.0454545454545455,0.416
"791","Monday",43.5,0.597849462365591,0,0.12
"792","Tuesday",26.1,0.367741935483871,0.0454545454545455,0.104
"793","Wednesday",38.2,0.494623655913978,0,0.304
"794","Thursday",39.3,0.423655913978495,0.0454545454545455,0.176
"795","Friday",30.2,0.419354838709677,0.0909090909090909,0.168
"796","Saturday",31,0.410752688172043,0.136363636363636,0.512
"797","Sunday",28.7,0.331182795698925,0.0454545454545455,0.504
"798","Monday",32.6,0.436559139784946,0,0.352
"799","Tuesday",42.1,0.539784946236559,0,0.4
"800","Wednesday",39.7,0.466666666666667,0.0909090909090909,0.368
"801","Thursday",45.1,0.341935483870968,0,0.192
"802","Friday",47.8,0.425806451612903,0,0.24
"803","Saturday",39.1,0.365591397849462,0.227272727272727,0.472
"804","Sunday",39.8,0.262365591397849,0.136363636363636,0.288
"805","Monday",22.1,0.337634408602151,0.0909090909090909,0.176
"806","Tuesday",28.4,0.311827956989247,0.181818181818182,0.2
"807","Wednesday",38.5,0.376344086021505,0.0909090909090909,0.272
"808","Thursday",41.4,0.238709677419355,0.0454545454545455,0.112
"809","Friday",33.6,0.359139784946237,0,0.216
"810","Saturday",37.9,0.331182795698925,0.136363636363636,0.336
"811","Sunday",40.8,0.458064516129032,0.0454545454545455,0.464
"812","Monday",46.2,0.580645161290323,0.0454545454545455,0.512
"813","Tuesday",51.1,0.339784946236559,0,0.136
"814","Wednesday",47.2,0.361290322580645,0.0454545454545455,0.168
"815","Thursday",51.9,0.286021505376344,0.0454545454545455,0.184
"816","Friday",51.3,0.374193548387097,0,0.264
"817","Saturday",49.9,0.305376344086021,0.136363636363636,0.464
"818","Sunday",48.1,0.440860215053763,0.227272727272727,0.48
"819","Monday",47.9,0.348387096774194,0,0.4
"820","Tuesday",43.7,0.417204301075269,0.0454545454545455,0.248
"821","Wednesday",51.3,0.331182795698925,0,0.096
"822","Thursday",48.2,0.602150537634409,0.0454545454545455,0.152
"823","Friday",37.1,0.367741935483871,0.136363636363636,0.224
"824","Saturday",36.6,0.434408602150538,0.272727272727273,0.44
"825","Sunday",46.3,0.445161290322581,0.0454545454545455,0.632
"826","Monday",45.9,0.417204301075269,0.0454545454545455,0.256
"827","Tuesday",47.5,0.455913978494624,0,0.352
"828","Wednesday",50.2,0.533333333333333,0.0454545454545455,0.368
"829","Thursday",47,0.320430107526882,0.0454545454545455,0.144
"830","Friday",47.6,0.417204301075269,0.0909090909090909,0.312
"831","Saturday",44.4,0.382795698924731,0.181818181818182,0.4
"832","Sunday",48.2,0.309677419354839,0.0454545454545455,0.4
"833","Monday",45.3,0.412903225806452,0.0454545454545455,0.296
"834","Tuesday",45.5,0.391397849462366,0.0454545454545455,0.392
"835","Wednesday",46.1,0.283870967741935,0,0.216
"836","Thursday",43.8,0.387096774193548,0.0454545454545455,0.232
"837","Friday",43.8,0.406451612903226,0,0.248
"838","Saturday",42,0.387096774193548,0.227272727272727,0.504
"839","Sunday",47.2,0.253763440860215,0.0454545454545455,0.384
"840","Monday",50.9,0.234408602150538,0,0.088
"841","Tuesday",50.3,0.223655913978495,0.0454545454545455,0.04
"842","Wednesday",53.4,0.260215053763441,0,0.088
"843","Thursday",43,0.335483870967742,0,0.136
"844","Friday",45.1,0.380645161290323,0.136363636363636,0.216
"845","Saturday",51.1,0.43010752688172,0.181818181818182,0.544
"846","Sunday",47.9,0.356989247311828,0.0454545454545455,0.432
"847","Monday",49.9,0.419354838709677,0.0454545454545455,0.288
"848","Tuesday",48.1,0.587096774193548,0.0454545454545455,0.544
"849","Wednesday",52.5,0.41505376344086,0.0909090909090909,0.288
"850","Thursday",50.4,0.249462365591398,0.0454545454545455,0.264
"851","Friday",55.9,0.567741935483871,0.318181818181818,0.344
"852","Saturday",51.9,0.765591397849462,0.227272727272727,0.568
"853","Sunday",53.5,0.612903225806452,0.0909090909090909,0.8
"854","Monday",56.3,0.468817204301075,0,0.392
"855","Tuesday",51.7,0.305376344086021,0.0454545454545455,0.192
"856","Wednesday",48.8,0.518279569892473,0.0454545454545455,0.488
"857","Thursday",54.3,0.354838709677419,0,0.2
"858","Friday",51.5,0.387096774193548,0.136363636363636,0.24
"859","Saturday",48.9,0.447311827956989,0.0909090909090909,0.432
"860","Sunday",51.7,0.410752688172043,0.0454545454545455,0.6
"861","Monday",49.8,0.410752688172043,0.0454545454545455,0.312
"862","Tuesday",52.4,0.425806451612903,0.0909090909090909,0.224
"863","Wednesday",53.1,0.331182795698925,0.0454545454545455,0.232
"864","Thursday",55.1,0.443010752688172,0.227272727272727,0.296
"865","Friday",58.9,0.604301075268817,0.0909090909090909,0.376
"866","Saturday",58.9,0.582795698924731,0.181818181818182,0.552
"867","Sunday",59.1,0.488172043010753,0.318181818181818,0.608
"868","Monday",57.5,0.561290322580645,0.0454545454545455,0.416
"869","Tuesday",58.3,0.468817204301075,0.0909090909090909,0.392
"870","Wednesday",62.9,0.535483870967742,0,0.248
"871","Thursday",54.4,0.509677419354839,0.0454545454545455,0.528
"872","Friday",49.7,0.617204301075269,0.0909090909090909,0.584
"873","Saturday",55.2,0.716129032258065,0.0454545454545455,0.728
"874","Sunday",67.6,0.675268817204301,0.409090909090909,0.88
"875","Monday",57.4,0.696774193548387,0,0.528
"876","Tuesday",55.4,0.647311827956989,0,0.48
"877","Wednesday",61.2,0.501075268817204,0.0454545454545455,0.544
"878","Thursday",66.1,0.365591397849462,0.227272727272727,0.096
"879","Friday",58,0.361290322580645,0.181818181818182,0.248
"880","Saturday",47.5,0.496774193548387,0.181818181818182,0.392
"881","Sunday",49.6,0.541935483870968,0.363636363636364,0.528
"882","Monday",57.9,0.451612903225806,0.318181818181818,0.448
"883","Tuesday",59.2,0.720430107526882,0.0454545454545455,0.408
"884","Wednesday",60.4,0.554838709677419,0.0909090909090909,0.408
"885","Thursday",59.2,0.619354838709677,0,0.4
"886","Friday",60.7,0.56989247311828,0.136363636363636,0.352
"887","Saturday",61.7,0.591397849462366,0.227272727272727,0.6
"888","Sunday",70.2,0.817204301075269,0.181818181818182,0.96
"889","Monday",65,0.675268817204301,0.0909090909090909,0.544
"890","Tuesday",64.5,0.733333333333333,0.0454545454545455,0.6
"891","Wednesday",68.9,0.58494623655914,0.0909090909090909,0.368
"892","Thursday",68.4,0.619354838709677,0,0.456
"893","Friday",60.2,0.703225806451613,0.181818181818182,0.728
"894","Saturday",62.1,0.572043010752688,0.272727272727273,0.584
"895","Sunday",63.5,0.718279569892473,0.227272727272727,0.816
"896","Monday",65.4,0.670967741935484,0.136363636363636,0.544
"897","Tuesday",68,0.589247311827957,0.0454545454545455,0.432
"898","Wednesday",67.9,0.546236559139785,0,0.464
"899","Thursday",64.9,0.473118279569892,0.0909090909090909,0.256
"900","Friday",66.1,0.653763440860215,0.181818181818182,0.368
"901","Saturday",68.4,0.810752688172043,0.318181818181818,0.84
"902","Sunday",69.5,0.78494623655914,0.363636363636364,1
"903","Monday",69.1,0.563440860215054,0.136363636363636,0.512
"904","Tuesday",70.6,0.640860215053763,0.0454545454545455,0.32
"905","Wednesday",65.9,0.533333333333333,0.181818181818182,0.44
"906","Thursday",63.4,0.52258064516129,0.0454545454545455,0.264
"907","Friday",66.5,0.445161290322581,0.0909090909090909,0.312
"908","Saturday",70,0.49247311827957,0.772727272727273,0.416
"909","Sunday",70.9,0.754838709677419,0.5,0.776
"910","Monday",72.9,0.662365591397849,0.0454545454545455,0.528
"911","Tuesday",73.5,0.427956989247312,0,0.288
"912","Wednesday",73.5,0.524731182795699,0.0909090909090909,0.4
"913","Thursday",73.9,0.754838709677419,0.0454545454545455,0.512
"914","Friday",70.3,0.666666666666667,0.272727272727273,0.216
"915","Saturday",62.3,0.709677419354839,0.318181818181818,0.568
"916","Sunday",62.9,0.756989247311828,0.181818181818182,0.992
"917","Monday",63.6,0.724731182795699,0,0.984
"918","Tuesday",71.6,0.47741935483871,0,0.328
"919","Wednesday",73.7,0.563440860215054,0.0909090909090909,0.48
"920","Thursday",72.5,0.524731182795699,0.136363636363636,0.2
"921","Friday",72,0.587096774193548,0.227272727272727,0.232
"922","Saturday",71,0.604301075268817,0.272727272727273,0.672
"923","Sunday",68.9,0.425806451612903,0.363636363636364,0.536
"924","Monday",70.5,0.520430107526882,0.181818181818182,0.336
"925","Tuesday",66.3,0.6,0,0.28
"926","Wednesday",69.1,0.49247311827957,0.0909090909090909,0.304
"927","Thursday",72.6,0.412903225806452,0.227272727272727,0.336
"928","Friday",72.9,0.587096774193548,0.318181818181818,0.424
"929","Saturday",74.2,0.612903225806452,0.181818181818182,0.544
"930","Sunday",74.5,0.550537634408602,0.545454545454545,0.632
"931","Monday",73.8,0.494623655913978,0.0454545454545455,0.416
"932","Tuesday",74.3,0.520430107526882,0.0909090909090909,0.224
"933","Wednesday",74.2,0.505376344086022,0.0454545454545455,0.496
"934","Thursday",73.1,0.572043010752688,0.272727272727273,0.504
"935","Friday",73.6,0.632258064516129,0.0909090909090909,0.464
"936","Saturday",70.8,0.587096774193548,0.318181818181818,0.696
"937","Sunday",70.4,0.655913978494624,0.727272727272727,0.712
"938","Monday",74.9,0.636559139784946,0.181818181818182,0.504
"939","Tuesday",76.7,0.606451612903226,0.181818181818182,0.456
"940","Wednesday",72.1,0.544086021505376,0.136363636363636,0.496
"941","Thursday",67.2,0.806451612903226,0.136363636363636,0.496
"942","Friday",74,0.666666666666667,0.5,0.288
"943","Saturday",70,0.967741935483871,1,0.856
"944","Sunday",69.4,0.855913978494624,0.772727272727273,0.688
"945","Monday",72.4,0.574193548387097,0.136363636363636,0.48
"946","Tuesday",69.3,0.443010752688172,0.0454545454545455,0.416
"947","Wednesday",68.4,0.537634408602151,0.136363636363636,0.288
"948","Thursday",72.3,0.511827956989247,0.136363636363636,0.504
"949","Friday",72,0.535483870967742,0.227272727272727,0.424
"950","Saturday",73,0.58494623655914,0.318181818181818,0.592
"951","Sunday",75.4,0.610752688172043,0.636363636363636,0.832
"952","Monday",72.4,0.494623655913978,0.0909090909090909,0.36
"953","Tuesday",73.1,0.412903225806452,0,0.304
"954","Wednesday",75.3,0.449462365591398,0.0454545454545455,0.304
"955","Thursday",75.9,0.408602150537634,0.0454545454545455,0.248
"956","Friday",76.7,0.481720430107527,0.136363636363636,0.36
"957","Saturday",78.1,0.593548387096774,0.545454545454545,0.528
"958","Sunday",77,0.559139784946237,0.227272727272727,0.704
"959","Monday",70.2,0.563440860215054,0.0909090909090909,0.408
"960","Tuesday",69.9,0.526881720430108,0.0454545454545455,0.424
"961","Wednesday",73.1,0.378494623655914,0.181818181818182,0.32
"962","Thursday",75,0.47741935483871,0.0909090909090909,0.368
"963","Friday",77.6,0.572043010752688,0.363636363636364,0.272
"964","Saturday",75.3,0.72258064516129,0.409090909090909,0.712
"965","Sunday",75.2,0.58494623655914,0.545454545454545,0.648
"966","Monday",75.6,0.627956989247312,0.0909090909090909,0.392
"967","Tuesday",76.5,0.470967741935484,0.0454545454545455,0.368
"968","Wednesday",78.2,0.486021505376344,0.0454545454545455,0.224
"969","Thursday",76.7,0.531182795698925,0.136363636363636,0.344
"970","Friday",79.3,0.713978494623656,0.181818181818182,0.456
"971","Saturday",71.5,0.606451612903226,0.227272727272727,0.624
"972","Sunday",68.4,0.675268817204301,0.363636363636364,0.8
"973","Monday",75.2,0.595698924731183,0.0909090909090909,0.536
"974","Tuesday",77,0.544086021505376,0,0.624
"975","Wednesday",73.4,0.797849462365591,0.0909090909090909,0.4
"976","Thursday",71.1,0.462365591397849,0.181818181818182,0.44
"977","Friday",68.2,0.660215053763441,0.181818181818182,0.408
"978","Saturday",69.6,0.70752688172043,0.545454545454545,0.608
"979","Sunday",70.3,0.716129032258065,0.363636363636364,0.76
"980","Monday",72.2,0.625806451612903,0.272727272727273,0.656
"981","Tuesday",71.4,0.490322580645161,0,0.304
"982","Wednesday",72.7,0.518279569892473,0.181818181818182,0.368
"983","Thursday",73.8,0.582795698924731,0.136363636363636,0.536
"984","Friday",73,0.716129032258065,0.272727272727273,0.584
"985","Saturday",69.9,0.69247311827957,0.545454545454545,0.624
"986","Sunday",72.6,0.729032258064516,0.454545454545455,0.744
"987","Monday",73.8,0.752688172043011,0,0.6
"988","Tuesday",69.5,0.653763440860215,0.0454545454545455,0.408
"989","Wednesday",72.5,0.683870967741935,0.0454545454545455,0.472
"990","Thursday",71.6,0.72258064516129,0.227272727272727,0.632
"991","Friday",71.5,0.606451612903226,0.272727272727273,0.568
"992","Saturday",71.5,0.69247311827957,0.409090909090909,0.712
"993","Sunday",69.1,0.804301075268817,0.636363636363636,0.832
"994","Monday",63,0.673118279569892,0.136363636363636,0.408
"995","Tuesday",66.2,0.606451612903226,0.0454545454545455,0.336
"996","Wednesday",69.4,0.610752688172043,0,0.192
"997","Thursday",73.3,0.604301075268817,0.0909090909090909,0.32
"998","Friday",72.6,0.550537634408602,0.227272727272727,0.432
"999","Saturday",71.4,0.647311827956989,0.454545454545455,0.448
"1000","Sunday",70,0.604301075268817,0.181818181818182,0.688
"1001","Monday",68.2,0.634408602150538,0.136363636363636,0.392
"1002","Tuesday",72.4,0.701075268817204,0.0454545454545455,0.464
"1003","Wednesday",65.4,0.660215053763441,0.0454545454545455,0.456
"1004","Thursday",60.6,0.587096774193548,0.318181818181818,0.456
"1005","Friday",61.2,1,0.136363636363636,0.432
"1006","Saturday",63,0.782795698924731,0.272727272727273,0.64
"1007","Sunday",68.9,0.759139784946237,0.818181818181818,0.688
"1008","Monday",64.2,0.61505376344086,0.136363636363636,0.488
"1009","Tuesday",63.3,0.638709677419355,0.0909090909090909,0.32
"1010","Wednesday",64.2,0.690322580645161,0.0454545454545455,0.496
"1011","Thursday",60.8,0.518279569892473,0.136363636363636,0.344
"1012","Friday",64.9,0.643010752688172,0.136363636363636,0.448
"1013","Saturday",63.6,0.668817204301075,0.227272727272727,0.592
"1014","Sunday",63.3,0.649462365591398,0.227272727272727,0.824
"1015","Monday",65.7,0.486021505376344,0.0454545454545455,0.416
"1016","Tuesday",63,0.621505376344086,0.0454545454545455,0.472
"1017","Wednesday",61.4,0.574193548387097,0.0909090909090909,0.336
"1018","Thursday",64.8,0.567741935483871,0.136363636363636,0.472
"1019","Friday",62.7,0.627956989247312,0.181818181818182,0.352
"1020","Saturday",66.9,0.572043010752688,0.181818181818182,0.488
"1021","Sunday",64.9,0.612903225806452,0.363636363636364,0.656
"1022","Monday",58,0.634408602150538,0.181818181818182,0.4
"1023","Tuesday",56.4,0.468817204301075,0,0.352
"1024","Wednesday",64.8,0.56989247311828,0.0909090909090909,0.576
"1025","Thursday",65.3,0.623655913978495,0.0454545454545455,0.36
"1026","Friday",67,0.582795698924731,0.0909090909090909,0.384
"1027","Saturday",61,0.666666666666667,0.454545454545455,0.496
"1028","Sunday",55.1,0.32258064516129,0.545454545454545,0.344
"1029","Monday",61.1,0.520430107526882,0.0454545454545455,0.256
"1030","Tuesday",64.6,0.63010752688172,0.136363636363636,0.28
"1031","Wednesday",58.9,0.567741935483871,0.0454545454545455,0.304
"1032","Thursday",53.3,0.552688172043011,0.0454545454545455,0.272
"1033","Friday",54,0.58494623655914,0.363636363636364,0.368
"1034","Saturday",60.1,0.604301075268817,0.545454545454545,0.472
"1035","Sunday",63.1,0.681720430107527,0.590909090909091,0.848
"1036","Monday",59.3,0.705376344086021,0.181818181818182,0.304
"1037","Tuesday",52.6,0.572043010752688,0.0909090909090909,0.36
"1038","Wednesday",50,0.539784946236559,0.227272727272727,0.44
"1039","Thursday",48.5,0.511827956989247,0.227272727272727,0.304
"1040","Friday",49.1,0.501075268817204,0.0909090909090909,0.24
"1041","Saturday",43.1,0.632258064516129,0.181818181818182,0.48
"1042","Sunday",44.6,0.651612903225806,0.454545454545455,0.568
"1043","Monday",54.9,0.683870967741935,0.0909090909090909,0.376
"1044","Tuesday",53.1,0.623655913978495,0,0.216
"1045","Wednesday",56.5,0.621505376344086,0.318181818181818,0.304
"1046","Thursday",49.9,0.494623655913978,0.0909090909090909,0.208
"1047","Friday",58.3,0.449462365591398,0.227272727272727,0.072
"1048","Saturday",56.4,0.541935483870968,0.363636363636364,0.272
"1049","Sunday",49.4,0.483870967741935,0.590909090909091,0.264
"1050","Monday",51.4,0.552688172043011,0.0909090909090909,0.16
"1051","Tuesday",45.9,0.552688172043011,0.136363636363636,0.288
"1052","Wednesday",46.5,0.421505376344086,0,0.136
"1053","Thursday",58.7,0.513978494623656,0.181818181818182,0.32
"1054","Friday",52.9,0.50752688172043,0.181818181818182,0.368
"1055","Saturday",43.5,0.576344086021505,0.5,0.44
"1056","Sunday",52.3,0.526881720430108,0.454545454545455,0.576
"1057","Monday",55.9,0.419354838709677,0.136363636363636,0.296
"1058","Tuesday",43.1,0.352688172043011,0.136363636363636,0.208
"1059","Wednesday",37.1,0.548387096774194,0.181818181818182,0.312
"1060","Thursday",46.5,0.161290322580645,0.181818181818182,0.336
"1061","Friday",50.3,0.440860215053763,0.0909090909090909,0.248
"1062","Saturday",40.7,0.453763440860215,0.318181818181818,0.208
"1063","Sunday",37.8,0.496774193548387,0.454545454545455,0.536
"1064","Monday",42.5,0.561290322580645,0.181818181818182,0.296
"1065","Tuesday",37.1,0.49247311827957,0.0454545454545455,0.264
"1066","Wednesday",43.6,0.726881720430108,0.181818181818182,0.32
"1067","Thursday",50.7,0.625806451612903,0.227272727272727,0.328
"1068","Friday",47.7,0.724731182795699,0.136363636363636,0.456
"1069","Saturday",38.8,0.561290322580645,0.318181818181818,0.4
"1070","Sunday",44.1,0.466666666666667,0.272727272727273,0.424
"1071","Monday",52.6,0.470967741935484,0.0454545454545455,0.336
"1072","Tuesday",46.8,0.397849462365591,0.227272727272727,0.344
"1073","Wednesday",39.9,0.574193548387097,0.0909090909090909,0.264
"1074","Thursday",39.3,0.529032258064516,0.0909090909090909,0.296
"1075","Friday",41.5,0.548387096774194,0.136363636363636,0.304
"1076","Saturday",53.4,0.451612903225806,0.363636363636364,0.112
"1077","Sunday",50.9,0.548387096774194,0.363636363636364,0.464
"1078","Monday",47.9,0.574193548387097,0.0454545454545455,0.304
"1079","Tuesday",48.9,0.49247311827957,0.0454545454545455,0.248
"1080","Wednesday",42.2,0.610752688172043,0.0454545454545455,0.176
"1081","Thursday",52.9,0.559139784946237,0.136363636363636,0.288
"1082","Friday",55.3,0.509677419354839,0.181818181818182,0.368
"1083","Saturday",46.5,0.524731182795699,0.363636363636364,0.4
"1084","Sunday",45.6,0.367741935483871,0.136363636363636,0.376
"1085","Monday",35.8,0.434408602150538,0.136363636363636,0.248
"1086","Tuesday",43.5,0.354838709677419,0.0454545454545455,0.296
"1087","Wednesday",50,0.301075268817204,0,0.184
"1088","Thursday",35,0.417204301075269,0.136363636363636,0.224
"1089","Friday",31.5,0.318279569892473,0.136363636363636,0.296
"1090","Saturday",42.7,0.288172043010753,0.136363636363636,0.488
"1091","Sunday",42.8,0.232258064516129,0.0454545454545455,0.352
"1092","Monday",38,0.374193548387097,0.0454545454545455,0.312
"1093","Tuesday",43.1,0.255913978494624,0,0.048
"1094","Wednesday",43.9,0.348387096774194,0,0.12
"1095","Thursday",47.4,0.460215053763441,0.136363636363636,0.296
"1096","Friday",48.3,0.559139784946237,0.181818181818182,0.392
