"","dow","temp","TOTAL_CRIMES"
"2","Wednesday",35,0.620553359683794
"3","Thursday",39.4,0.812252964426877
"4","Friday",39,0.845849802371542
"5","Saturday",43.8,0.891304347826087
"6","Sunday",39.7,0.638339920948617
"7","Monday",27.4,0.662055335968379
"8","Tuesday",36.3,0.711462450592885
"9","Wednesday",44.4,0.573122529644269
"10","Thursday",34.9,0.681818181818182
"11","Friday",28.6,0.875494071146245
"12","Saturday",23.1,0.656126482213439
"13","Sunday",26,0.458498023715415
"14","Monday",32.8,0.58102766798419
"15","Tuesday",29.4,0.705533596837945
"16","Wednesday",31.3,0.709486166007905
"17","Thursday",29.4,0.616600790513834
"18","Friday",33.2,0.646245059288538
"19","Saturday",34.5,0.357707509881423
"20","Sunday",43.2,0.300395256916996
"21","Monday",13.7,0.424901185770751
"22","Tuesday",15.8,0.563241106719368
"23","Wednesday",31.6,0.634387351778656
"24","Thursday",46.5,0.525691699604743
"25","Friday",37,0.484189723320158
"26","Saturday",30.5,0.377470355731225
"27","Sunday",35.1,0.361660079051383
"28","Monday",35.7,0.355731225296443
"29","Tuesday",33.8,0.302371541501976
"30","Wednesday",36.8,0
"31","Thursday",15.7,0.233201581027668
"32","Friday",17.6,0.859683794466403
"33","Saturday",23.5,0.75296442687747
"34","Sunday",35.4,0.50395256916996
"35","Monday",39.7,0.780632411067194
"36","Tuesday",43,0.616600790513834
"37","Wednesday",39.1,0.58300395256917
"38","Thursday",39.1,0.650197628458498
"39","Friday",40.6,0.594861660079051
"40","Saturday",31.5,0.820158102766798
"41","Sunday",28.7,0.58695652173913
"42","Monday",30.7,0.563241106719368
"43","Tuesday",29.4,0.640316205533597
"44","Wednesday",41.1,0.596837944664032
"45","Thursday",35.5,0.792490118577075
"46","Friday",39.8,0.790513833992095
"47","Saturday",41.1,0.66403162055336
"48","Sunday",30.9,0.547430830039526
"49","Monday",32.8,0.492094861660079
"50","Tuesday",25.9,0.537549407114625
"51","Wednesday",26.7,0.58102766798419
"52","Thursday",36.8,0.701581027667984
"53","Friday",38.3,0.733201581027668
"54","Saturday",34.8,0.604743083003953
"55","Sunday",40.5,0.407114624505929
"56","Monday",38.7,0.505928853754941
"57","Tuesday",29.2,0.529644268774704
"58","Wednesday",21.6,0.608695652173913
"59","Thursday",26,0.50197628458498
"60","Friday",26.7,0.820158102766798
"61","Saturday",35.1,0.640316205533597
"62","Sunday",34.5,0.41501976284585
"63","Monday",37.9,0.401185770750988
"64","Tuesday",28.2,0.397233201581028
"65","Wednesday",25.4,0.569169960474308
"66","Thursday",22.1,0.531620553359684
"67","Friday",27.2,0.745059288537549
"68","Saturday",35.1,0.545454545454545
"69","Sunday",36.8,0.535573122529644
"70","Monday",41.7,0.709486166007905
"71","Tuesday",38.6,0.565217391304348
"72","Wednesday",34.5,0.685770750988142
"73","Thursday",39,0.662055335968379
"74","Friday",45.3,0.778656126482213
"75","Saturday",46.9,0.839920948616601
"76","Sunday",36.3,0.535573122529644
"77","Monday",34.5,0.612648221343874
"78","Tuesday",35.2,0.598814229249012
"79","Wednesday",36.9,0.695652173913043
"80","Thursday",40.7,0.687747035573123
"81","Friday",42.3,0.727272727272727
"82","Saturday",39.3,0.689723320158103
"83","Sunday",39.1,0.606719367588933
"84","Monday",42.5,0.588932806324111
"85","Tuesday",36.9,0.654150197628458
"86","Wednesday",34.4,0.705533596837945
"87","Thursday",36.3,0.675889328063241
"88","Friday",44.4,0.660079051383399
"89","Saturday",46.1,0.636363636363636
"90","Sunday",49.2,0.58498023715415
"91","Monday",41.8,0.895256916996047
"92","Tuesday",37.1,0.624505928853755
"93","Wednesday",43.7,0.6699604743083
"94","Thursday",44.5,0.636363636363636
"95","Friday",39.4,0.719367588932806
"96","Saturday",46.3,0.794466403162055
"97","Sunday",45.3,0.715415019762846
"98","Monday",46.2,0.796442687747036
"99","Tuesday",41.4,0.695652173913043
"100","Wednesday",41.8,0.628458498023715
"101","Thursday",40.3,0.800395256916996
"102","Friday",43.8,0.867588932806324
"103","Saturday",49.7,0.816205533596838
"104","Sunday",50.8,0.385375494071146
"105","Monday",52,0.756916996047431
"106","Tuesday",47.1,0.725296442687747
"107","Wednesday",47.5,0.693675889328063
"108","Thursday",43.7,0.567193675889328
"109","Friday",53.7,0.610671936758893
"110","Saturday",54.5,0.768774703557312
"111","Sunday",52.2,0.600790513833992
"112","Monday",52.1,0.782608695652174
"113","Tuesday",48.8,0.794466403162055
"114","Wednesday",51.5,0.713438735177866
"115","Thursday",47.7,0.841897233201581
"116","Friday",46.8,0.83201581027668
"117","Saturday",52.9,0.569169960474308
"118","Sunday",46.9,0.523715415019763
"119","Monday",47.8,0.743083003952569
"120","Tuesday",45.6,0.766798418972332
"121","Wednesday",46.9,0.940711462450593
"122","Thursday",49.4,0.707509881422925
"123","Friday",47.3,0.889328063241107
"124","Saturday",51.3,0.707509881422925
"125","Sunday",46.9,0.865612648221344
"126","Monday",48.1,0.891304347826087
"127","Tuesday",48.3,0.709486166007905
"128","Wednesday",53,0.826086956521739
"129","Thursday",47.7,0.782608695652174
"130","Friday",48.4,0.903162055335968
"131","Saturday",56.8,0.701581027667984
"132","Sunday",45.7,0.573122529644269
"133","Monday",46.1,0.887351778656126
"134","Tuesday",44.9,0.74901185770751
"135","Wednesday",48.5,0.837944664031621
"136","Thursday",53.3,0.788537549407115
"137","Friday",52.3,0.857707509881423
"138","Saturday",56.7,0.822134387351779
"139","Sunday",52,0.857707509881423
"140","Monday",57.2,0.924901185770751
"141","Tuesday",58.9,0.764822134387352
"142","Wednesday",56.7,0.851778656126482
"143","Thursday",52.5,0.851778656126482
"144","Friday",59.3,1
"146","Sunday",57.6,0.960474308300395
"147","Monday",62.1,0.800395256916996
"148","Tuesday",51.6,0.802371541501976
"149","Wednesday",54.6,0.784584980237154
"150","Thursday",51.3,0.800395256916996
"151","Friday",58.2,0.968379446640316
"153","Sunday",56.9,0.778656126482213
"154","Monday",60.4,0.721343873517787
"155","Tuesday",58.5,0.851778656126482
"156","Wednesday",59.8,0.887351778656126
"157","Thursday",62,0.790513833992095
"158","Friday",59.8,0.952569169960474
"160","Sunday",57.7,0.91699604743083
"161","Monday",59.4,0.905138339920949
"162","Tuesday",63.7,0.861660079051383
"163","Wednesday",62.9,0.739130434782609
"164","Thursday",56.7,0.711462450592885
"165","Friday",61.7,0.91897233201581
"166","Saturday",62.7,0.970355731225296
"167","Sunday",62.8,0.75098814229249
"168","Monday",66,0.812252964426877
"169","Tuesday",60.4,0.741106719367589
"170","Wednesday",62.3,0.922924901185771
"171","Thursday",61,0.774703557312253
"172","Friday",63.2,0.865612648221344
"173","Saturday",64.7,0.956521739130435
"174","Sunday",65.7,0.924901185770751
"175","Monday",68.5,0.926877470355731
"176","Tuesday",61.5,0.875494071146245
"177","Wednesday",67.3,0.903162055335968
"178","Thursday",61.4,0.808300395256917
"179","Friday",66.8,1
"181","Sunday",69.3,0.91501976284585
"183","Tuesday",67.9,0.845849802371542
"184","Wednesday",70.2,0.920948616600791
"185","Thursday",66.6,0.905138339920949
"187","Saturday",68.9,0.938735177865613
"188","Sunday",69,0.857707509881423
"189","Monday",64.9,0.972332015810277
"190","Tuesday",69,0.794466403162055
"191","Wednesday",71.5,0.980237154150198
"192","Thursday",66.8,0.837944664031621
"193","Friday",70.8,0.883399209486166
"195","Sunday",71.8,0.887351778656126
"196","Monday",73.1,0.950592885375494
"197","Tuesday",70.3,0.818181818181818
"198","Wednesday",70.9,0.91304347826087
"199","Thursday",71.4,0.828063241106719
"200","Friday",69.2,0.911067193675889
"201","Saturday",76.2,0.960474308300395
"202","Sunday",76.7,0.855731225296443
"203","Monday",76.5,0.887351778656126
"204","Tuesday",70.4,0.883399209486166
"205","Wednesday",66.1,0.798418972332016
"206","Thursday",69.5,0.907114624505929
"207","Friday",67.1,0.938735177865613
"208","Saturday",67.1,0.958498023715415
"209","Sunday",66.9,0.972332015810277
"210","Monday",72.8,0.936758893280632
"211","Tuesday",73,0.861660079051383
"212","Wednesday",72.9,0.735177865612648
"216","Sunday",73.3,0.990118577075099
"217","Monday",70.2,0.924901185770751
"218","Tuesday",68.9,0.875494071146245
"219","Wednesday",70.2,0.865612648221344
"220","Thursday",73.3,0.946640316205534
"221","Friday",73.7,0.899209486166008
"222","Saturday",71.2,0.907114624505929
"223","Sunday",68.8,0.911067193675889
"224","Monday",71.2,0.727272727272727
"225","Tuesday",71.2,0.83201581027668
"226","Wednesday",71.1,0.893280632411067
"227","Thursday",68.6,0.934782608695652
"228","Friday",66.6,0.855731225296443
"229","Saturday",67.5,0.928853754940711
"230","Sunday",71.2,0.826086956521739
"231","Monday",73.3,0.881422924901186
"232","Tuesday",75.5,0.772727272727273
"233","Wednesday",70.6,0.75296442687747
"234","Thursday",74.6,0.816205533596838
"235","Friday",72,0.869565217391304
"236","Saturday",68.3,0.942687747035573
"237","Sunday",65.5,0.841897233201581
"238","Monday",64.3,0.768774703557312
"239","Tuesday",60.4,0.772727272727273
"240","Wednesday",65.4,0.814229249011858
"241","Thursday",71,0.853754940711462
"242","Friday",68,0.841897233201581
"243","Saturday",70.3,0.857707509881423
"245","Monday",64.9,0.861660079051383
"246","Tuesday",70,0.6699604743083
"247","Wednesday",66.6,0.675889328063241
"248","Thursday",67.7,0.608695652173913
"249","Friday",59.3,0.853754940711462
"250","Saturday",62.1,0.782608695652174
"251","Sunday",66,0.74901185770751
"252","Monday",63.9,0.863636363636364
"253","Tuesday",62.8,0.74901185770751
"254","Wednesday",68.3,0.808300395256917
"255","Thursday",65.4,0.877470355731225
"256","Friday",59.6,0.940711462450593
"257","Saturday",60.7,0.83596837944664
"258","Sunday",68.2,0.877470355731225
"259","Monday",65.4,0.91897233201581
"260","Tuesday",61.5,0.869565217391304
"261","Wednesday",56,0.822134387351779
"262","Thursday",57.3,0.885375494071146
"263","Friday",58.8,0.938735177865613
"264","Saturday",67,0.822134387351779
"265","Sunday",64.6,0.622529644268775
"266","Monday",68.5,0.839920948616601
"267","Tuesday",68.6,0.822134387351779
"268","Wednesday",63.8,0.735177865612648
"269","Thursday",64.7,0.727272727272727
"270","Friday",63.5,0.646245059288538
"271","Saturday",63.8,0.709486166007905
"272","Sunday",66.9,0.735177865612648
"273","Monday",56.3,0.814229249011858
"275","Wednesday",67.6,0.768774703557312
"276","Thursday",55.3,0.768774703557312
"277","Friday",57.4,0.741106719367589
"278","Saturday",51.9,0.754940711462451
"279","Sunday",52,0.650197628458498
"280","Monday",66.9,0.800395256916996
"281","Tuesday",61.3,0.733201581027668
"282","Wednesday",56.9,0.776679841897233
"283","Thursday",54.5,0.604743083003953
"284","Friday",55.5,0.764822134387352
"285","Saturday",56.2,0.772727272727273
"286","Sunday",57.6,0.703557312252964
"287","Monday",57.7,0.681818181818182
"288","Tuesday",56.7,0.796442687747036
"289","Wednesday",51.5,0.790513833992095
"290","Thursday",58.2,0.662055335968379
"291","Friday",55,0.717391304347826
"292","Saturday",50.5,0.745059288537549
"293","Sunday",49.3,0.74901185770751
"294","Monday",55.2,0.733201581027668
"295","Tuesday",56.3,0.630434782608696
"296","Wednesday",61.4,0.709486166007905
"297","Thursday",55.5,0.741106719367589
"298","Friday",55.9,0.810276679841897
"299","Saturday",55.2,0.430830039525692
"300","Sunday",53.4,0.711462450592885
"301","Monday",56,0.630434782608696
"302","Tuesday",55.1,0.58102766798419
"303","Wednesday",57.8,0.468379446640316
"304","Thursday",62.5,0.490118577075099
"306","Saturday",47,0.638339920948617
"307","Sunday",51,0.75098814229249
"308","Monday",48.1,0.654150197628458
"309","Tuesday",56.6,0.58300395256917
"310","Wednesday",51.5,0.632411067193676
"311","Thursday",51.4,0.638339920948617
"312","Friday",42.7,0.6699604743083
"313","Saturday",35.3,0.729249011857708
"314","Sunday",48.3,0.614624505928854
"315","Monday",51.5,0.302371541501976
"316","Tuesday",53.9,0.407114624505929
"317","Wednesday",29,0.468379446640316
"318","Thursday",35,0.468379446640316
"319","Friday",49.3,0.824110671936759
"320","Saturday",39.7,0.638339920948617
"321","Sunday",41.5,0.713438735177866
"322","Monday",48.4,0.675889328063241
"323","Tuesday",46.5,0.683794466403162
"324","Wednesday",44.8,0.766798418972332
"325","Thursday",43.3,0.634387351778656
"326","Friday",48.1,0.762845849802372
"327","Saturday",40.4,0.713438735177866
"328","Sunday",50.2,0.705533596837945
"329","Monday",45.4,0.697628458498024
"330","Tuesday",46.5,0.66600790513834
"331","Wednesday",48.5,0.58498023715415
"332","Thursday",47.2,0.3300395256917
"333","Friday",40.5,0.608695652173913
"334","Saturday",35,0.636363636363636
"335","Sunday",36.7,0.756916996047431
"336","Monday",44.8,0.727272727272727
"337","Tuesday",39.9,0.689723320158103
"338","Wednesday",36.6,0.800395256916996
"339","Thursday",39.6,0.709486166007905
"340","Friday",38.3,0.780632411067194
"341","Saturday",36.4,0.709486166007905
"342","Sunday",31.8,0.652173913043478
"343","Monday",48.2,0.719367588932806
"344","Tuesday",53.1,0.660079051383399
"345","Wednesday",39.9,0.523715415019763
"346","Thursday",31.1,0.622529644268775
"347","Friday",38.7,0.772727272727273
"348","Saturday",52.7,0.673913043478261
"349","Sunday",47.7,0.620553359683794
"350","Monday",35.4,0.559288537549407
"351","Tuesday",37.5,0.650197628458498
"352","Wednesday",39.3,0.616600790513834
"353","Thursday",24.2,0.675889328063241
"354","Friday",24.2,0.760869565217391
"355","Saturday",33.3,0.802371541501976
"356","Sunday",41.3,0.671936758893281
"357","Monday",44.3,0.691699604743083
"358","Tuesday",42.8,0.559288537549407
"359","Wednesday",35.6,0.33596837944664
"360","Thursday",35.9,0.531620553359684
"361","Friday",40.1,0.695652173913043
"362","Saturday",44.5,0.588932806324111
"363","Sunday",38.4,0.687747035573123
"364","Monday",39.6,0.543478260869565
"365","Tuesday",44.7,0.411067193675889
"732","Friday",39.6,0.83010752688172
"733","Saturday",47.4,0.245161290322581
"734","Sunday",41.1,0.387096774193548
"735","Monday",41.2,0.421505376344086
"736","Tuesday",38.7,0.440860215053763
"737","Wednesday",37.4,0.318279569892473
"738","Thursday",36.5,0.520430107526882
"739","Friday",33.3,0.544086021505376
"740","Saturday",32.9,0.341935483870968
"741","Sunday",35.6,0.479569892473118
"742","Monday",32.6,0.331182795698925
"743","Tuesday",37,0.496774193548387
"744","Wednesday",35.8,0.387096774193548
"745","Thursday",41.3,0.427956989247312
"746","Friday",41.3,0.531182795698925
"747","Saturday",45.4,0.32258064516129
"748","Sunday",40.8,0.436559139784946
"749","Monday",42.6,0.296774193548387
"750","Tuesday",35.8,0.402150537634409
"751","Wednesday",34.7,0.432258064516129
"752","Thursday",30.9,0.548387096774194
"753","Friday",36.5,0.395698924731183
"754","Saturday",32.2,0.408602150537634
"755","Sunday",24.7,0.372043010752688
"756","Monday",26.6,0.438709677419355
"757","Tuesday",31.9,0.221505376344086
"758","Wednesday",34.6,0.389247311827957
"759","Thursday",35.3,0.309677419354839
"760","Friday",18.1,0.335483870967742
"761","Saturday",19.2,0.268817204301075
"762","Sunday",22.2,0.010752688172043
"763","Monday",33.7,0.436559139784946
"764","Tuesday",41.8,0.361290322580645
"765","Wednesday",34.1,0.352688172043011
"766","Thursday",33.3,0.212903225806452
"767","Friday",37.2,0.313978494623656
"768","Saturday",38.9,0.141935483870968
"769","Sunday",35.1,0.101075268817204
"770","Monday",27.6,0.167741935483871
"771","Tuesday",26.1,0.221505376344086
"772","Wednesday",29.4,0.189247311827957
"773","Thursday",26.2,0.217204301075269
"774","Friday",22.5,0.32258064516129
"775","Saturday",27.6,0.180645161290323
"776","Sunday",34,0.146236559139785
"777","Monday",37,0
"778","Tuesday",42.7,0.0645161290322581
"779","Wednesday",32.6,0.212903225806452
"780","Thursday",29.2,0.236559139784946
"781","Friday",33.1,0.335483870967742
"782","Saturday",31.5,0.29247311827957
"783","Sunday",26.8,0.273118279569892
"784","Monday",32.4,0.339784946236559
"785","Tuesday",38.5,0.451612903225806
"786","Wednesday",39.9,0.395698924731183
"787","Thursday",42.9,0.423655913978495
"788","Friday",34.7,0.505376344086022
"789","Saturday",39.1,0.496774193548387
"790","Sunday",41.6,0.490322580645161
"791","Monday",43.5,0.597849462365591
"792","Tuesday",26.1,0.367741935483871
"793","Wednesday",38.2,0.494623655913978
"794","Thursday",39.3,0.423655913978495
"795","Friday",30.2,0.419354838709677
"796","Saturday",31,0.410752688172043
"797","Sunday",28.7,0.331182795698925
"798","Monday",32.6,0.436559139784946
"799","Tuesday",42.1,0.539784946236559
"800","Wednesday",39.7,0.466666666666667
"801","Thursday",45.1,0.341935483870968
"802","Friday",47.8,0.425806451612903
"803","Saturday",39.1,0.365591397849462
"804","Sunday",39.8,0.262365591397849
"805","Monday",22.1,0.337634408602151
"806","Tuesday",28.4,0.311827956989247
"807","Wednesday",38.5,0.376344086021505
"808","Thursday",41.4,0.238709677419355
"809","Friday",33.6,0.359139784946237
"810","Saturday",37.9,0.331182795698925
"811","Sunday",40.8,0.458064516129032
"812","Monday",46.2,0.580645161290323
"813","Tuesday",51.1,0.339784946236559
"814","Wednesday",47.2,0.361290322580645
"815","Thursday",51.9,0.286021505376344
"816","Friday",51.3,0.374193548387097
"817","Saturday",49.9,0.305376344086021
"818","Sunday",48.1,0.440860215053763
"819","Monday",47.9,0.348387096774194
"820","Tuesday",43.7,0.417204301075269
"821","Wednesday",51.3,0.331182795698925
"822","Thursday",48.2,0.602150537634409
"823","Friday",37.1,0.367741935483871
"824","Saturday",36.6,0.434408602150538
"825","Sunday",46.3,0.445161290322581
"826","Monday",45.9,0.417204301075269
"827","Tuesday",47.5,0.455913978494624
"828","Wednesday",50.2,0.533333333333333
"829","Thursday",47,0.320430107526882
"830","Friday",47.6,0.417204301075269
"831","Saturday",44.4,0.382795698924731
"832","Sunday",48.2,0.309677419354839
"833","Monday",45.3,0.412903225806452
"834","Tuesday",45.5,0.391397849462366
"835","Wednesday",46.1,0.283870967741935
"836","Thursday",43.8,0.387096774193548
"837","Friday",43.8,0.406451612903226
"838","Saturday",42,0.387096774193548
"839","Sunday",47.2,0.253763440860215
"840","Monday",50.9,0.234408602150538
"841","Tuesday",50.3,0.223655913978495
"842","Wednesday",53.4,0.260215053763441
"843","Thursday",43,0.335483870967742
"844","Friday",45.1,0.380645161290323
"845","Saturday",51.1,0.43010752688172
"846","Sunday",47.9,0.356989247311828
"847","Monday",49.9,0.419354838709677
"848","Tuesday",48.1,0.587096774193548
"849","Wednesday",52.5,0.41505376344086
"850","Thursday",50.4,0.249462365591398
"851","Friday",55.9,0.567741935483871
"852","Saturday",51.9,0.765591397849462
"853","Sunday",53.5,0.612903225806452
"854","Monday",56.3,0.468817204301075
"855","Tuesday",51.7,0.305376344086021
"856","Wednesday",48.8,0.518279569892473
"857","Thursday",54.3,0.354838709677419
"858","Friday",51.5,0.387096774193548
"859","Saturday",48.9,0.447311827956989
"860","Sunday",51.7,0.410752688172043
"861","Monday",49.8,0.410752688172043
"862","Tuesday",52.4,0.425806451612903
"863","Wednesday",53.1,0.331182795698925
"864","Thursday",55.1,0.443010752688172
"865","Friday",58.9,0.604301075268817
"866","Saturday",58.9,0.582795698924731
"867","Sunday",59.1,0.488172043010753
"868","Monday",57.5,0.561290322580645
"869","Tuesday",58.3,0.468817204301075
"870","Wednesday",62.9,0.535483870967742
"871","Thursday",54.4,0.509677419354839
"872","Friday",49.7,0.617204301075269
"873","Saturday",55.2,0.716129032258065
"874","Sunday",67.6,0.675268817204301
"875","Monday",57.4,0.696774193548387
"876","Tuesday",55.4,0.647311827956989
"877","Wednesday",61.2,0.501075268817204
"878","Thursday",66.1,0.365591397849462
"879","Friday",58,0.361290322580645
"880","Saturday",47.5,0.496774193548387
"881","Sunday",49.6,0.541935483870968
"882","Monday",57.9,0.451612903225806
"883","Tuesday",59.2,0.720430107526882
"884","Wednesday",60.4,0.554838709677419
"885","Thursday",59.2,0.619354838709677
"886","Friday",60.7,0.56989247311828
"887","Saturday",61.7,0.591397849462366
"888","Sunday",70.2,0.817204301075269
"889","Monday",65,0.675268817204301
"890","Tuesday",64.5,0.733333333333333
"891","Wednesday",68.9,0.58494623655914
"892","Thursday",68.4,0.619354838709677
"893","Friday",60.2,0.703225806451613
"894","Saturday",62.1,0.572043010752688
"895","Sunday",63.5,0.718279569892473
"896","Monday",65.4,0.670967741935484
"897","Tuesday",68,0.589247311827957
"898","Wednesday",67.9,0.546236559139785
"899","Thursday",64.9,0.473118279569892
"900","Friday",66.1,0.653763440860215
"901","Saturday",68.4,0.810752688172043
"902","Sunday",69.5,0.78494623655914
"903","Monday",69.1,0.563440860215054
"904","Tuesday",70.6,0.640860215053763
"905","Wednesday",65.9,0.533333333333333
"906","Thursday",63.4,0.52258064516129
"907","Friday",66.5,0.445161290322581
"908","Saturday",70,0.49247311827957
"909","Sunday",70.9,0.754838709677419
"910","Monday",72.9,0.662365591397849
"911","Tuesday",73.5,0.427956989247312
"912","Wednesday",73.5,0.524731182795699
"913","Thursday",73.9,0.754838709677419
"914","Friday",70.3,0.666666666666667
"915","Saturday",62.3,0.709677419354839
"916","Sunday",62.9,0.756989247311828
"917","Monday",63.6,0.724731182795699
"918","Tuesday",71.6,0.47741935483871
"919","Wednesday",73.7,0.563440860215054
"920","Thursday",72.5,0.524731182795699
"921","Friday",72,0.587096774193548
"922","Saturday",71,0.604301075268817
"923","Sunday",68.9,0.425806451612903
"924","Monday",70.5,0.520430107526882
"925","Tuesday",66.3,0.6
"926","Wednesday",69.1,0.49247311827957
"927","Thursday",72.6,0.412903225806452
"928","Friday",72.9,0.587096774193548
"929","Saturday",74.2,0.612903225806452
"930","Sunday",74.5,0.550537634408602
"931","Monday",73.8,0.494623655913978
"932","Tuesday",74.3,0.520430107526882
"933","Wednesday",74.2,0.505376344086022
"934","Thursday",73.1,0.572043010752688
"935","Friday",73.6,0.632258064516129
"936","Saturday",70.8,0.587096774193548
"937","Sunday",70.4,0.655913978494624
"938","Monday",74.9,0.636559139784946
"939","Tuesday",76.7,0.606451612903226
"940","Wednesday",72.1,0.544086021505376
"941","Thursday",67.2,0.806451612903226
"942","Friday",74,0.666666666666667
"943","Saturday",70,0.967741935483871
"944","Sunday",69.4,0.855913978494624
"945","Monday",72.4,0.574193548387097
"946","Tuesday",69.3,0.443010752688172
"947","Wednesday",68.4,0.537634408602151
"948","Thursday",72.3,0.511827956989247
"949","Friday",72,0.535483870967742
"950","Saturday",73,0.58494623655914
"951","Sunday",75.4,0.610752688172043
"952","Monday",72.4,0.494623655913978
"953","Tuesday",73.1,0.412903225806452
"954","Wednesday",75.3,0.449462365591398
"955","Thursday",75.9,0.408602150537634
"956","Friday",76.7,0.481720430107527
"957","Saturday",78.1,0.593548387096774
"958","Sunday",77,0.559139784946237
"959","Monday",70.2,0.563440860215054
"960","Tuesday",69.9,0.526881720430108
"961","Wednesday",73.1,0.378494623655914
"962","Thursday",75,0.47741935483871
"963","Friday",77.6,0.572043010752688
"964","Saturday",75.3,0.72258064516129
"965","Sunday",75.2,0.58494623655914
"966","Monday",75.6,0.627956989247312
"967","Tuesday",76.5,0.470967741935484
"968","Wednesday",78.2,0.486021505376344
"969","Thursday",76.7,0.531182795698925
"970","Friday",79.3,0.713978494623656
"971","Saturday",71.5,0.606451612903226
"972","Sunday",68.4,0.675268817204301
"973","Monday",75.2,0.595698924731183
"974","Tuesday",77,0.544086021505376
"975","Wednesday",73.4,0.797849462365591
"976","Thursday",71.1,0.462365591397849
"977","Friday",68.2,0.660215053763441
"978","Saturday",69.6,0.70752688172043
"979","Sunday",70.3,0.716129032258065
"980","Monday",72.2,0.625806451612903
"981","Tuesday",71.4,0.490322580645161
"982","Wednesday",72.7,0.518279569892473
"983","Thursday",73.8,0.582795698924731
"984","Friday",73,0.716129032258065
"985","Saturday",69.9,0.69247311827957
"986","Sunday",72.6,0.729032258064516
"987","Monday",73.8,0.752688172043011
"988","Tuesday",69.5,0.653763440860215
"989","Wednesday",72.5,0.683870967741935
"990","Thursday",71.6,0.72258064516129
"991","Friday",71.5,0.606451612903226
"992","Saturday",71.5,0.69247311827957
"993","Sunday",69.1,0.804301075268817
"994","Monday",63,0.673118279569892
"995","Tuesday",66.2,0.606451612903226
"996","Wednesday",69.4,0.610752688172043
"997","Thursday",73.3,0.604301075268817
"998","Friday",72.6,0.550537634408602
"999","Saturday",71.4,0.647311827956989
"1000","Sunday",70,0.604301075268817
"1001","Monday",68.2,0.634408602150538
"1002","Tuesday",72.4,0.701075268817204
"1003","Wednesday",65.4,0.660215053763441
"1004","Thursday",60.6,0.587096774193548
"1005","Friday",61.2,1
"1006","Saturday",63,0.782795698924731
"1007","Sunday",68.9,0.759139784946237
"1008","Monday",64.2,0.61505376344086
"1009","Tuesday",63.3,0.638709677419355
"1010","Wednesday",64.2,0.690322580645161
"1011","Thursday",60.8,0.518279569892473
"1012","Friday",64.9,0.643010752688172
"1013","Saturday",63.6,0.668817204301075
"1014","Sunday",63.3,0.649462365591398
"1015","Monday",65.7,0.486021505376344
"1016","Tuesday",63,0.621505376344086
"1017","Wednesday",61.4,0.574193548387097
"1018","Thursday",64.8,0.567741935483871
"1019","Friday",62.7,0.627956989247312
"1020","Saturday",66.9,0.572043010752688
"1021","Sunday",64.9,0.612903225806452
"1022","Monday",58,0.634408602150538
"1023","Tuesday",56.4,0.468817204301075
"1024","Wednesday",64.8,0.56989247311828
"1025","Thursday",65.3,0.623655913978495
"1026","Friday",67,0.582795698924731
"1027","Saturday",61,0.666666666666667
"1028","Sunday",55.1,0.32258064516129
"1029","Monday",61.1,0.520430107526882
"1030","Tuesday",64.6,0.63010752688172
"1031","Wednesday",58.9,0.567741935483871
"1032","Thursday",53.3,0.552688172043011
"1033","Friday",54,0.58494623655914
"1034","Saturday",60.1,0.604301075268817
"1035","Sunday",63.1,0.681720430107527
"1036","Monday",59.3,0.705376344086021
"1037","Tuesday",52.6,0.572043010752688
"1038","Wednesday",50,0.539784946236559
"1039","Thursday",48.5,0.511827956989247
"1040","Friday",49.1,0.501075268817204
"1041","Saturday",43.1,0.632258064516129
"1042","Sunday",44.6,0.651612903225806
"1043","Monday",54.9,0.683870967741935
"1044","Tuesday",53.1,0.623655913978495
"1045","Wednesday",56.5,0.621505376344086
"1046","Thursday",49.9,0.494623655913978
"1047","Friday",58.3,0.449462365591398
"1048","Saturday",56.4,0.541935483870968
"1049","Sunday",49.4,0.483870967741935
"1050","Monday",51.4,0.552688172043011
"1051","Tuesday",45.9,0.552688172043011
"1052","Wednesday",46.5,0.421505376344086
"1053","Thursday",58.7,0.513978494623656
"1054","Friday",52.9,0.50752688172043
"1055","Saturday",43.5,0.576344086021505
"1056","Sunday",52.3,0.526881720430108
"1057","Monday",55.9,0.419354838709677
"1058","Tuesday",43.1,0.352688172043011
"1059","Wednesday",37.1,0.548387096774194
"1060","Thursday",46.5,0.161290322580645
"1061","Friday",50.3,0.440860215053763
"1062","Saturday",40.7,0.453763440860215
"1063","Sunday",37.8,0.496774193548387
"1064","Monday",42.5,0.561290322580645
"1065","Tuesday",37.1,0.49247311827957
"1066","Wednesday",43.6,0.726881720430108
"1067","Thursday",50.7,0.625806451612903
"1068","Friday",47.7,0.724731182795699
"1069","Saturday",38.8,0.561290322580645
"1070","Sunday",44.1,0.466666666666667
"1071","Monday",52.6,0.470967741935484
"1072","Tuesday",46.8,0.397849462365591
"1073","Wednesday",39.9,0.574193548387097
"1074","Thursday",39.3,0.529032258064516
"1075","Friday",41.5,0.548387096774194
"1076","Saturday",53.4,0.451612903225806
"1077","Sunday",50.9,0.548387096774194
"1078","Monday",47.9,0.574193548387097
"1079","Tuesday",48.9,0.49247311827957
"1080","Wednesday",42.2,0.610752688172043
"1081","Thursday",52.9,0.559139784946237
"1082","Friday",55.3,0.509677419354839
"1083","Saturday",46.5,0.524731182795699
"1084","Sunday",45.6,0.367741935483871
"1085","Monday",35.8,0.434408602150538
"1086","Tuesday",43.5,0.354838709677419
"1087","Wednesday",50,0.301075268817204
"1088","Thursday",35,0.417204301075269
"1089","Friday",31.5,0.318279569892473
"1090","Saturday",42.7,0.288172043010753
"1091","Sunday",42.8,0.232258064516129
"1092","Monday",38,0.374193548387097
"1093","Tuesday",43.1,0.255913978494624
"1094","Wednesday",43.9,0.348387096774194
"1095","Thursday",47.4,0.460215053763441
"1096","Friday",48.3,0.559139784946237
